fusion,CCLE_Omics,Breast,sources,source_count
ABL1--BCR,1,1,"CCLE_Omics,Breast",2
ADAMTS19--SLC27A6,1,1,"CCLE_Omics,Breast",2
AHCYL1--RAD51C,1,1,"CCLE_Omics,Breast",2
AK7--PAPOLA,1,1,"CCLE_Omics,Breast",2
AP4B1-AS1--RSBN1,1,1,"CCLE_Omics,Breast",2
ARFGEF2--SULF2,1,1,"CCLE_Omics,Breast",2
ATAD5--TLK2,1,1,"CCLE_Omics,Breast",2
ATP1A1--ZFP64,1,1,"CCLE_Omics,Breast",2
ATXN7--BCAS3,1,1,"CCLE_Omics,Breast",2
ATXN7--RAD51C,1,1,"CCLE_Omics,Breast",2
ATXN7L3--FAM171A2,1,1,"CCLE_Omics,Breast",2
B3GNTL1--SLC9A8,1,1,"CCLE_Omics,Breast",2
BCAS3--BCAS4,1,1,"CCLE_Omics,Breast",2
BCAS4--ZMYND8,1,1,"CCLE_Omics,Breast",2
BRIP1--TAF4,1,1,"CCLE_Omics,Breast",2
CARM1--SMARCA4,1,1,"CCLE_Omics,Breast",2
CCDC170--ESR1,1,1,"CCLE_Omics,Breast",2
CCDC85C--SETD3,1,1,"CCLE_Omics,Breast",2
COLEC10--TAF2,1,1,"CCLE_Omics,Breast",2
CPNE1--PREX1,1,1,"CCLE_Omics,Breast",2
CYTH1--EIF3H,1,1,"CCLE_Omics,Breast",2
DEPDC1B--ELOVL7,1,1,"CCLE_Omics,Breast",2
DHX35--ITCH,1,1,"CCLE_Omics,Breast",2
DIAPH3--RPS6KB1,1,1,"CCLE_Omics,Breast",2
DPH7--PNPLA7,1,1,"CCLE_Omics,Breast",2
EIF3D--MYH9,1,1,"CCLE_Omics,Breast",2
FBXL7--TRIO,1,1,"CCLE_Omics,Breast",2
FCHO1--MYO9B,1,1,"CCLE_Omics,Breast",2
GATAD2B--NUP210L,1,1,"CCLE_Omics,Breast",2
GPR37L1--NAV1,1,1,"CCLE_Omics,Breast",2
GSDMB--TATDN1,1,1,"CCLE_Omics,Breast",2
HSP90AB1--SLC29A1,1,1,"CCLE_Omics,Breast",2
KCND3--PPM1E,1,1,"CCLE_Omics,Breast",2
KLHDC2--SNTB1,1,1,"CCLE_Omics,Breast",2
LMCD1-AS1--MECOM,1,1,"CCLE_Omics,Breast",2
LRRFIP2--SUMF1,1,1,"CCLE_Omics,Breast",2
MATN2--POP1,1,1,"CCLE_Omics,Breast",2
MBTD1--SPAG9,1,1,"CCLE_Omics,Breast",2
MYO6--SENP6,1,1,"CCLE_Omics,Breast",2
NUP214--XKR3,1,1,"CCLE_Omics,Breast",2
PICALM--SYTL2,1,1,"CCLE_Omics,Breast",2
PKIA--RARA,1,1,"CCLE_Omics,Breast",2
PLCG1--TOP1,1,1,"CCLE_Omics,Breast",2
PRICKLE2--SULF2,1,1,"CCLE_Omics,Breast",2
RGS17--TBL1XR1,1,1,"CCLE_Omics,Breast",2
RPS6KB1--VMP1,1,1,"CCLE_Omics,Breast",2
SCAMP2--WDR72,1,1,"CCLE_Omics,Breast",2
SYAP1--TXLNG,1,1,"CCLE_Omics,Breast",2
TBC1D31--ZNF704,1,1,"CCLE_Omics,Breast",2
AAK1--HSPD1,1,0,CCLE_Omics,1
ABAT--PMM2,1,0,CCLE_Omics,1
ABCA5--UNK,1,0,CCLE_Omics,1
ABCB7--ZDHHC15,1,0,CCLE_Omics,1
ABCC5--PARL,1,0,CCLE_Omics,1
ABHD2--NQO1,1,0,CCLE_Omics,1
ABI2--NBEAL1,1,0,CCLE_Omics,1
ABL1--NUP214,1,0,CCLE_Omics,1
ABRAXAS1--COQ2,1,0,CCLE_Omics,1
ABRAXAS1--HELQ,1,0,CCLE_Omics,1
ABRAXAS2--EEF1AKMT2,1,0,CCLE_Omics,1
ACACA--HLCS,1,0,CCLE_Omics,1
ACACA--SYNRG,1,0,CCLE_Omics,1
ACAD11--STAG1,1,0,CCLE_Omics,1
ACAP3--RPL13A,1,0,CCLE_Omics,1
ACAT1--RAB39A,1,0,CCLE_Omics,1
ACBD6--MT-ATP8,1,0,CCLE_Omics,1
ACBD6--XPR1,1,0,CCLE_Omics,1
ACOT7--KCNAB2,1,0,CCLE_Omics,1
ACOT7--NPHP4,1,0,CCLE_Omics,1
ACTB--CAPZA2,1,0,CCLE_Omics,1
ACTB--CLU,1,0,CCLE_Omics,1
ACTB--CSTB,1,0,CCLE_Omics,1
ACTB--DBNL,1,0,CCLE_Omics,1
ACTB--EEF1A1,1,0,CCLE_Omics,1
ACTB--EEF2,1,0,CCLE_Omics,1
ACTB--ENO1,1,0,CCLE_Omics,1
ACTB--FBL,1,0,CCLE_Omics,1
ACTB--FN1,1,0,CCLE_Omics,1
ACTB--FTH1,1,0,CCLE_Omics,1
ACTB--FTL,1,0,CCLE_Omics,1
ACTB--FUS,1,0,CCLE_Omics,1
ACTB--GAPDH,1,0,CCLE_Omics,1
ACTB--GNAS,1,0,CCLE_Omics,1
ACTB--KRT19,1,0,CCLE_Omics,1
ACTB--KRT7,1,0,CCLE_Omics,1
ACTB--LGALS3BP,1,0,CCLE_Omics,1
ACTB--MT-ATP6,1,0,CCLE_Omics,1
ACTB--MT-ATP8,1,0,CCLE_Omics,1
ACTB--MT-CO1,1,0,CCLE_Omics,1
ACTB--MT-CYB,1,0,CCLE_Omics,1
ACTB--MT-ND1,1,0,CCLE_Omics,1
ACTB--MT-ND4,1,0,CCLE_Omics,1
ACTB--MT-ND4L,1,0,CCLE_Omics,1
ACTB--MT-ND5,1,0,CCLE_Omics,1
ACTB--MT-RNR1,1,0,CCLE_Omics,1
ACTB--MT-RNR2,1,0,CCLE_Omics,1
ACTB--OAZ1,1,0,CCLE_Omics,1
ACTB--PAFAH1B3,1,0,CCLE_Omics,1
ACTB--PLP2,1,0,CCLE_Omics,1
ACTB--PPIA,1,0,CCLE_Omics,1
ACTB--PSAP,1,0,CCLE_Omics,1
ACTB--PTMA,1,0,CCLE_Omics,1
ACTB--RNF216,1,0,CCLE_Omics,1
ACTB--RNPS1,1,0,CCLE_Omics,1
ACTB--RPL17-C18orf32,1,0,CCLE_Omics,1
ACTB--RPL18,1,0,CCLE_Omics,1
ACTB--RPL34,1,0,CCLE_Omics,1
ACTB--RPL37A,1,0,CCLE_Omics,1
ACTB--RPL7,1,0,CCLE_Omics,1
ACTB--RPL7A,1,0,CCLE_Omics,1
ACTB--RPS11,1,0,CCLE_Omics,1
ACTB--SARAF,1,0,CCLE_Omics,1
ACTB--SCAF11,1,0,CCLE_Omics,1
ACTB--SFPQ,1,0,CCLE_Omics,1
ACTB--STOML2,1,0,CCLE_Omics,1
ACTB--TPT1,1,0,CCLE_Omics,1
ACTB--TUBA1C,1,0,CCLE_Omics,1
ACTB--TUBB4B,1,0,CCLE_Omics,1
ACTB--UBB,1,0,CCLE_Omics,1
ACTB--UBC,1,0,CCLE_Omics,1
ACTB--VIM,1,0,CCLE_Omics,1
ACTB--YBX1,1,0,CCLE_Omics,1
ACTB--ZYX,1,0,CCLE_Omics,1
ACTG1--ATP6V1C2,1,0,CCLE_Omics,1
ACTG1--B2M,1,0,CCLE_Omics,1
ACTG1--EEF1B2,1,0,CCLE_Omics,1
ACTG1--FN1,1,0,CCLE_Omics,1
ACTG1--FTH1,1,0,CCLE_Omics,1
ACTG1--GAPDH,1,0,CCLE_Omics,1
ACTG1--GAS5,1,0,CCLE_Omics,1
ACTG1--HMGB2,1,0,CCLE_Omics,1
ACTG1--HNRNPF,1,0,CCLE_Omics,1
ACTG1--HSP90AB1,1,0,CCLE_Omics,1
ACTG1--JUP,1,0,CCLE_Omics,1
ACTG1--MT-CO1,1,0,CCLE_Omics,1
ACTG1--MT-CO2,1,0,CCLE_Omics,1
ACTG1--MT-CYB,1,0,CCLE_Omics,1
ACTG1--MT-ND4,1,0,CCLE_Omics,1
ACTG1--MT-ND5,1,0,CCLE_Omics,1
ACTG1--NBEAL1,1,0,CCLE_Omics,1
ACTG1--NFATC2IP,1,0,CCLE_Omics,1
ACTG1--NPLOC4,1,0,CCLE_Omics,1
ACTG1--PCBP1-AS1,1,0,CCLE_Omics,1
ACTG1--PHLDB2,1,0,CCLE_Omics,1
ACTG1--PPIA,1,0,CCLE_Omics,1
ACTG1--PSMD2,1,0,CCLE_Omics,1
ACTG1--PTMA,1,0,CCLE_Omics,1
ACTG1--RPL7A,1,0,CCLE_Omics,1
ACTG1--RPS3,1,0,CCLE_Omics,1
ACTG1--S100A6,1,0,CCLE_Omics,1
ACTG1--SLC25A5,1,0,CCLE_Omics,1
ACTG1--SLC38A10,1,0,CCLE_Omics,1
ACTG1--SLC7A5,1,0,CCLE_Omics,1
ACTG1--SNRPB,1,0,CCLE_Omics,1
ACTG1--TGM2,1,0,CCLE_Omics,1
ACTN1--FTL,1,0,CCLE_Omics,1
ACTN1--MT2A,1,0,CCLE_Omics,1
ACTN1--RPS23,1,0,CCLE_Omics,1
ACTN1--ZFP36L1,1,0,CCLE_Omics,1
ACTN4--EIF3K,1,0,CCLE_Omics,1
ACTN4--FN1,1,0,CCLE_Omics,1
ACTN4--MT-ATP6,1,0,CCLE_Omics,1
ACTN4--MT-CO1,1,0,CCLE_Omics,1
ACTN4--MT-CO3,1,0,CCLE_Omics,1
ACTN4--MT-CYB,1,0,CCLE_Omics,1
ACTN4--RPL7A,1,0,CCLE_Omics,1
ACTN4--RPS16,1,0,CCLE_Omics,1
ACTR2--RPLP0,1,0,CCLE_Omics,1
ADAM10--FTH1,1,0,CCLE_Omics,1
ADAM15--MALAT1,1,0,CCLE_Omics,1
ADAM17--YWHAQ,1,0,CCLE_Omics,1
ADAM9--TM2D2,1,0,CCLE_Omics,1
ADARB1--COL18A1,1,0,CCLE_Omics,1
ADCY4--PSME2,1,0,CCLE_Omics,1
ADD1--FAM193A,1,0,CCLE_Omics,1
ADGRA3--EEF1A1,1,0,CCLE_Omics,1
ADIRF-AS1--LGALS1,1,0,CCLE_Omics,1
ADK--KAT6B,1,0,CCLE_Omics,1
ADK--VCL,1,0,CCLE_Omics,1
ADNP--MT-CO2,1,0,CCLE_Omics,1
ADNP--PPIA,1,0,CCLE_Omics,1
ADRM1--MT-CYB,1,0,CCLE_Omics,1
ADRM1--MT-ND5,1,0,CCLE_Omics,1
ADSS2--SMYD3,1,0,CCLE_Omics,1
AEBP2--HNRNPA2B1,1,0,CCLE_Omics,1
AFF1--PTPN13,1,0,CCLE_Omics,1
AFF1--TMSB4X,1,0,CCLE_Omics,1
AFF4--HSPA4,1,0,CCLE_Omics,1
AFG3L1P--TCF25,1,0,CCLE_Omics,1
AGAP3--MT-ATP8,1,0,CCLE_Omics,1
AGFG1--MT-ND5,1,0,CCLE_Omics,1
AGPAT5--MCPH1,1,0,CCLE_Omics,1
AGRN--MT-CO1,1,0,CCLE_Omics,1
AGRN--NOC4L,1,0,CCLE_Omics,1
AHCY--MT-CYB,1,0,CCLE_Omics,1
AHCY--PABPC1,1,0,CCLE_Omics,1
AHI1--HBS1L,1,0,CCLE_Omics,1
AHNAK--MT-RNR2,1,0,CCLE_Omics,1
AHSG--IGF2,1,0,CCLE_Omics,1
AIF1L--MT-CYB,1,0,CCLE_Omics,1
AIG1--HIVEP2,1,0,CCLE_Omics,1
AK2--MT-CO3,1,0,CCLE_Omics,1
AK2--MYL12A,1,0,CCLE_Omics,1
AK9--MICAL1,1,0,CCLE_Omics,1
AKAP12--GNAS,1,0,CCLE_Omics,1
AKAP12--ZBTB2,1,0,CCLE_Omics,1
AKAP9--ANKIB1,1,0,CCLE_Omics,1
AKNA--MT-CYB,1,0,CCLE_Omics,1
AKR1A1--PRDX1,1,0,CCLE_Omics,1
AKR1B10--CALD1,1,0,CCLE_Omics,1
AKR1B10--MT-CO3,1,0,CCLE_Omics,1
AKR1C1--PCNX4,1,0,CCLE_Omics,1
AKR1C2--FTL,1,0,CCLE_Omics,1
AKR1C2--MT-CO1,1,0,CCLE_Omics,1
AKR1C2--RPL3,1,0,CCLE_Omics,1
AKT3--CEP170,1,0,CCLE_Omics,1
ALB--EEF1A1,1,0,CCLE_Omics,1
ALB--MT-CO2,1,0,CCLE_Omics,1
ALDH3A1--MT-CO3,1,0,CCLE_Omics,1
ALDOA--EEF1A1,1,0,CCLE_Omics,1
ALG14--CNN3,1,0,CCLE_Omics,1
ALG2--MT-ATP6,1,0,CCLE_Omics,1
ALG2--MT-ATP8,1,0,CCLE_Omics,1
ALG6--ITGB3BP,1,0,CCLE_Omics,1
ALKBH3--EXT2,1,0,CCLE_Omics,1
ALPK3--MT-ND2,1,0,CCLE_Omics,1
ALYREF--BEST1,1,0,CCLE_Omics,1
AMBRA1--CELF1,1,0,CCLE_Omics,1
AMBRA1--MT-CO1,1,0,CCLE_Omics,1
AMBRA1--RASGRP3,1,0,CCLE_Omics,1
AMER1--ARHGEF9,1,0,CCLE_Omics,1
AMPD1--BCAS3,0,1,Breast,1
AMPD2--MT-ATP6,1,0,CCLE_Omics,1
AMZ2--MT-ND5,1,0,CCLE_Omics,1
ANAPC1--MTA3,1,0,CCLE_Omics,1
ANAPC13--AP3B1,1,0,CCLE_Omics,1
ANK2--PIP5K1A,1,0,CCLE_Omics,1
ANK3--CCDC6,1,0,CCLE_Omics,1
ANKHD1--CYSTM1,1,0,CCLE_Omics,1
ANKHD1-EIF4EBP3--CYSTM1,1,0,CCLE_Omics,1
ANKLE2--POLE,1,0,CCLE_Omics,1
ANKRD11--ENO1,1,0,CCLE_Omics,1
ANKRD11--MT-CO2,1,0,CCLE_Omics,1
ANKRD12--VAPA,1,0,CCLE_Omics,1
ANKRD20A11P--ZNF519,1,0,CCLE_Omics,1
ANO6--ARID2,1,0,CCLE_Omics,1
ANO7--PPP1R7,1,0,CCLE_Omics,1
ANP32A--EEF1A1,1,0,CCLE_Omics,1
ANP32A--MT-ND6,1,0,CCLE_Omics,1
ANP32A--PTMA,1,0,CCLE_Omics,1
ANP32B--NANS,1,0,CCLE_Omics,1
ANP32B--NASP,1,0,CCLE_Omics,1
ANP32B--NCL,1,0,CCLE_Omics,1
ANP32B--NSRP1,1,0,CCLE_Omics,1
ANP32B--PTMA,1,0,CCLE_Omics,1
ANP32B--PTMAP5,1,0,CCLE_Omics,1
ANP32B--RPS3A,1,0,CCLE_Omics,1
ANP32E--PTMA,1,0,CCLE_Omics,1
ANXA1--MT-ND5,1,0,CCLE_Omics,1
ANXA1--RPL14,1,0,CCLE_Omics,1
ANXA11--PLAC9,1,0,CCLE_Omics,1
ANXA2--B2M,1,0,CCLE_Omics,1
ANXA2--BSG,1,0,CCLE_Omics,1
ANXA2--CD44,1,0,CCLE_Omics,1
ANXA2--FN1,1,0,CCLE_Omics,1
ANXA2--GTF2A2,1,0,CCLE_Omics,1
ANXA2--ICE2,1,0,CCLE_Omics,1
ANXA2--LGALS1,1,0,CCLE_Omics,1
ANXA2--MT-ATP6,1,0,CCLE_Omics,1
ANXA2--MYL6,1,0,CCLE_Omics,1
ANXA2--MYO1E,1,0,CCLE_Omics,1
ANXA2--PKM,1,0,CCLE_Omics,1
ANXA2--RCC1,1,0,CCLE_Omics,1
ANXA2--RPL30,1,0,CCLE_Omics,1
ANXA2--RPL5,1,0,CCLE_Omics,1
ANXA2--RPSA,1,0,CCLE_Omics,1
ANXA2--TFRC,1,0,CCLE_Omics,1
ANXA2--TUBA1B,1,0,CCLE_Omics,1
ANXA2--VIM,1,0,CCLE_Omics,1
ANXA2--YWHAE,1,0,CCLE_Omics,1
ANXA5--EEF1A1,1,0,CCLE_Omics,1
ANXA5--MT-ATP8,1,0,CCLE_Omics,1
ANXA5--RPS17,1,0,CCLE_Omics,1
ANXA5--RPS18,1,0,CCLE_Omics,1
ANXA6--TNIP1,1,0,CCLE_Omics,1
AOPEP--CPSF6,1,0,CCLE_Omics,1
AOPEP--MIR302CHG,1,0,CCLE_Omics,1
AP2M1--RPS5,1,0,CCLE_Omics,1
AP3B1--LHFPL2,1,0,CCLE_Omics,1
AP3B1--SCAMP1,1,0,CCLE_Omics,1
AP3B1--TBCA,1,0,CCLE_Omics,1
AP3D1--JSRP1,1,0,CCLE_Omics,1
AP3D1--RTN4,1,0,CCLE_Omics,1
AP3S1--COMMD10,0,1,Breast,1
AP4B1-AS1--VAV3,0,1,Breast,1
AP5B1--PKM,1,0,CCLE_Omics,1
APBA3--TJP3,1,0,CCLE_Omics,1
API5--TTC17,1,0,CCLE_Omics,1
APLP2--APP,1,0,CCLE_Omics,1
APLP2--HSP90AB1,1,0,CCLE_Omics,1
APLP2--PTMA,1,0,CCLE_Omics,1
APLP2--RPL10,1,0,CCLE_Omics,1
APLP2--ST14,1,0,CCLE_Omics,1
APP--BACH1,1,0,CCLE_Omics,1
APP--MT-ND2,1,0,CCLE_Omics,1
APP--MT-ND4,1,0,CCLE_Omics,1
APP--RPL7A,1,0,CCLE_Omics,1
APP--SLC3A2,1,0,CCLE_Omics,1
APP--SND1,1,0,CCLE_Omics,1
APP--UCHL1,1,0,CCLE_Omics,1
APPBP2--VMP1,1,0,CCLE_Omics,1
APRT--RPLP1,1,0,CCLE_Omics,1
APTR--RSBN1L,1,0,CCLE_Omics,1
APTX--DNAJA1,1,0,CCLE_Omics,1
ARCN1--KMT2A,1,0,CCLE_Omics,1
ARF1--MARCKS,1,0,CCLE_Omics,1
ARF1--MT-CO1,1,0,CCLE_Omics,1
ARF1--MT-ND4,1,0,CCLE_Omics,1
ARF1--NOP53,1,0,CCLE_Omics,1
ARFGEF2--CSE1L,1,0,CCLE_Omics,1
ARFGEF2--PREX1,1,0,CCLE_Omics,1
ARFGEF2--SLC9A8,1,0,CCLE_Omics,1
ARHGAP15--GTDC1,1,0,CCLE_Omics,1
ARHGAP18--TMEM244,1,0,CCLE_Omics,1
ARHGAP19--SLIT1,1,0,CCLE_Omics,1
ARHGAP27P1-BPTFP1-KPNA2P3--SMURF2,1,0,CCLE_Omics,1
ARHGAP29--DNTTIP2,1,0,CCLE_Omics,1
ARHGAP29--MT-ATP6,1,0,CCLE_Omics,1
ARHGAP4--EIF3F,1,0,CCLE_Omics,1
ARHGAP45--MT-CO1,1,0,CCLE_Omics,1
ARHGDIA--MT-CO3,1,0,CCLE_Omics,1
ARHGEF1--RPS19,1,0,CCLE_Omics,1
ARHGEF10L--CROCCP2,1,0,CCLE_Omics,1
ARHGEF2--SSR2,1,0,CCLE_Omics,1
ARHGEF9--LINC01278,1,0,CCLE_Omics,1
ARID1A--ATP5IF1,1,0,CCLE_Omics,1
ARID1A--MT-RNR2,1,0,CCLE_Omics,1
ARID1A--WDTC1,1,0,CCLE_Omics,1
ARID2--SCAF11,1,0,CCLE_Omics,1
ARID4A--PSMA3,1,0,CCLE_Omics,1
ARID4B--TARBP1,1,0,CCLE_Omics,1
ARL14EPL--NDUFC1,1,0,CCLE_Omics,1
ARL15--NDUFS4,1,0,CCLE_Omics,1
ARL17A--KANSL1,1,0,CCLE_Omics,1
ARL8B--EDEM1,1,0,CCLE_Omics,1
ARMC9--PSMD1,1,0,CCLE_Omics,1
ARPC3--C12orf76,1,0,CCLE_Omics,1
ARPC4--MT-ND4,1,0,CCLE_Omics,1
ARPC4--OGG1,1,0,CCLE_Omics,1
ARPP19--GNB5,1,0,CCLE_Omics,1
ARRDC1--EHMT1,1,0,CCLE_Omics,1
ARSG--BPTF,1,0,CCLE_Omics,1
ASCC1--DNAJB12,1,0,CCLE_Omics,1
ASH1L--YY1AP1,1,0,CCLE_Omics,1
ASNS--FAU,1,0,CCLE_Omics,1
ASPH--CHMP1A,1,0,CCLE_Omics,1
ASPH--FUS,1,0,CCLE_Omics,1
ASPH--GNAS,1,0,CCLE_Omics,1
ASPH--RPL28,1,0,CCLE_Omics,1
ASPH--RPS3,1,0,CCLE_Omics,1
ASXL1--KIF3B,1,0,CCLE_Omics,1
ATAD2--PTMA,1,0,CCLE_Omics,1
ATAD2B--UBXN2A,1,0,CCLE_Omics,1
ATAT1--C6orf136,1,0,CCLE_Omics,1
ATF6B--FKBPL,1,0,CCLE_Omics,1
ATF6B--MT-CO3,1,0,CCLE_Omics,1
ATF7IP--HMGN1,1,0,CCLE_Omics,1
ATG10--MT-CO1,1,0,CCLE_Omics,1
ATG10--MT-ND4,1,0,CCLE_Omics,1
ATIC--XRCC5,1,0,CCLE_Omics,1
ATL2--HNRNPLL,1,0,CCLE_Omics,1
ATN1--MT-ATP6,1,0,CCLE_Omics,1
ATN1--MT-ATP8,1,0,CCLE_Omics,1
ATP1A1--EEF1A1,1,0,CCLE_Omics,1
ATP1A1--MT-ND4,1,0,CCLE_Omics,1
ATP1A1--MT-RNR1,1,0,CCLE_Omics,1
ATP1B3--VIM,1,0,CCLE_Omics,1
ATP2A2--FN1,1,0,CCLE_Omics,1
ATP2A2--IFT81,1,0,CCLE_Omics,1
ATP2A2--MT-CO3,1,0,CCLE_Omics,1
ATP2A2--MT-ND5,1,0,CCLE_Omics,1
ATP2C1--NCL,1,0,CCLE_Omics,1
ATP5F1A--DDX1,1,0,CCLE_Omics,1
ATP5F1A--RPL13A,1,0,CCLE_Omics,1
ATP5F1B--HSP90AA1,1,0,CCLE_Omics,1
ATP5F1B--NBEAL1,1,0,CCLE_Omics,1
ATP5F1B--NCL,1,0,CCLE_Omics,1
ATP5F1B--PTGES3,1,0,CCLE_Omics,1
ATP5F1E--COX6A1,1,0,CCLE_Omics,1
ATP5ME--EEF1A1,1,0,CCLE_Omics,1
ATP5PF--MT-CO1,1,0,CCLE_Omics,1
ATP6V0B--PKM,1,0,CCLE_Omics,1
ATP6V1C1--AZIN1,1,0,CCLE_Omics,1
ATP6V1C2--MT-RNR2,1,0,CCLE_Omics,1
ATR--XRN1,1,0,CCLE_Omics,1
ATRX--MAGT1,1,0,CCLE_Omics,1
ATXN1--PPHLN1,1,0,CCLE_Omics,1
ATXN1-AS1--GSE1,1,0,CCLE_Omics,1
ATXN10--MT-ATP6,1,0,CCLE_Omics,1
ATXN10--MT-ND5,1,0,CCLE_Omics,1
ATXN10--PPARA,1,0,CCLE_Omics,1
ATXN2--BRAP,1,0,CCLE_Omics,1
ATXN2L--MT-ATP6,1,0,CCLE_Omics,1
ATXN2L--MT-CO1,1,0,CCLE_Omics,1
ATXN7L1--NAMPT,1,0,CCLE_Omics,1
AURKAIP1--MT-RNR2,1,0,CCLE_Omics,1
AVL9--BBS9,1,0,CCLE_Omics,1
B2M--EEF1A1,1,0,CCLE_Omics,1
B2M--EEF1D,1,0,CCLE_Omics,1
B2M--GNAS,1,0,CCLE_Omics,1
B2M--HMGB1,1,0,CCLE_Omics,1
B2M--HSP90AA1,1,0,CCLE_Omics,1
B2M--MT-RNR2,1,0,CCLE_Omics,1
B2M--MT-TS1,1,0,CCLE_Omics,1
B2M--NPM1,1,0,CCLE_Omics,1
B2M--OAZ1,1,0,CCLE_Omics,1
B2M--PABPC1,1,0,CCLE_Omics,1
B2M--RPS25,1,0,CCLE_Omics,1
B2M--RPS6,1,0,CCLE_Omics,1
B2M--TUBA1B,1,0,CCLE_Omics,1
BABAM2--FOSL2,1,0,CCLE_Omics,1
BACH1--MAP3K7CL,1,0,CCLE_Omics,1
BAG1--NFX1,1,0,CCLE_Omics,1
BAG6--LMAN2,1,0,CCLE_Omics,1
BAG6--SLC44A4,1,0,CCLE_Omics,1
BAIAP2--SLC38A10,1,0,CCLE_Omics,1
BAZ1A--SNX6,1,0,CCLE_Omics,1
BAZ2A--HMGN2,1,0,CCLE_Omics,1
BAZ2A--SUB1,1,0,CCLE_Omics,1
BBOX1-AS1--SLC5A12,1,0,CCLE_Omics,1
BBS12--FGF2,1,0,CCLE_Omics,1
BCAS3--MED13,1,0,CCLE_Omics,1
BCAS3--PARD6B,1,0,CCLE_Omics,1
BCAT1--SOX5,1,0,CCLE_Omics,1
BCCIP--MT-RNR2,1,0,CCLE_Omics,1
BCCIP--RACK1,1,0,CCLE_Omics,1
BCCIP--RPS3A,1,0,CCLE_Omics,1
BCL2L1--HM13,1,0,CCLE_Omics,1
BCL2L12--PRMT1,1,0,CCLE_Omics,1
BCL2L13--CECR2,1,0,CCLE_Omics,1
BCL9L--MT-ND2,1,0,CCLE_Omics,1
BDH1--DLG1,1,0,CCLE_Omics,1
BEST1--COPS6,1,0,CCLE_Omics,1
BEST1--HNRNPAB,1,0,CCLE_Omics,1
BEST1--MT-CO2,1,0,CCLE_Omics,1
BEST1--SLC16A3,1,0,CCLE_Omics,1
BICC1--HNRNPA2B1,1,0,CCLE_Omics,1
BIN3--EGR3,1,0,CCLE_Omics,1
BIRC2--TMEM123,1,0,CCLE_Omics,1
BIRC5--RPS19,1,0,CCLE_Omics,1
BIRC6--TTC27,1,0,CCLE_Omics,1
BLOC1S5--TXNDC5,1,0,CCLE_Omics,1
BMPR2--FAM117B,1,0,CCLE_Omics,1
BMPR2--NOP58,1,0,CCLE_Omics,1
BNIP3L--PPP2R2A,1,0,CCLE_Omics,1
BOLA2B--SMG1P4,1,0,CCLE_Omics,1
BOLA2B--SMG1P5,1,0,CCLE_Omics,1
BOP1--MROH1,1,0,CCLE_Omics,1
BORCS5--DUSP16,1,0,CCLE_Omics,1
BPTF--LRRC37A2,1,0,CCLE_Omics,1
BPTF--VIM,1,0,CCLE_Omics,1
BRD2--MT-CYB,1,0,CCLE_Omics,1
BRI3BP--UBC,1,0,CCLE_Omics,1
BRK1--LDLR,1,0,CCLE_Omics,1
BRK1--VHL,0,1,Breast,1
BRPF3--MAPK14,1,0,CCLE_Omics,1
BRWD1--LCA5L,1,0,CCLE_Omics,1
BSG--MT-CO3,1,0,CCLE_Omics,1
BSG--MT-RNR2,1,0,CCLE_Omics,1
BSG--SHC2,1,0,CCLE_Omics,1
C11orf58--NPM1,1,0,CCLE_Omics,1
C11orf68--DRAP1,1,0,CCLE_Omics,1
C11orf80--RBM14,1,0,CCLE_Omics,1
C16orf87--ORC6,1,0,CCLE_Omics,1
C18orf25--HAUS1,1,0,CCLE_Omics,1
C19orf25--DAZAP1,1,0,CCLE_Omics,1
C1QTNF7-AS1--FBXL5,1,0,CCLE_Omics,1
C21orf58--PCNT,1,0,CCLE_Omics,1
C22orf39--UFD1,1,0,CCLE_Omics,1
C2orf42--PCBP1-AS1,1,0,CCLE_Omics,1
C3--RPL23,1,0,CCLE_Omics,1
C7orf50--COX19,1,0,CCLE_Omics,1
C7orf50--MAD1L1,1,0,CCLE_Omics,1
C7orf50--SLC39A1,1,0,CCLE_Omics,1
C7orf50--SUN1,1,0,CCLE_Omics,1
C7orf50--ZFAND2A,1,0,CCLE_Omics,1
C8orf33--SLC3A2,1,0,CCLE_Omics,1
CA12--MYH9,1,0,CCLE_Omics,1
CA4--TANC2,1,0,CCLE_Omics,1
CABP4--TMEM134,1,0,CCLE_Omics,1
CABYR--LAMA3,1,0,CCLE_Omics,1
CACYBP--RABGAP1L,1,0,CCLE_Omics,1
CALM1--HNRNPC,1,0,CCLE_Omics,1
CALM2--EEF1A1,1,0,CCLE_Omics,1
CALM3--MT-ND4,1,0,CCLE_Omics,1
CALM3--PSMA7,1,0,CCLE_Omics,1
CALR--GAPDH,1,0,CCLE_Omics,1
CALR--HSP90AB1,1,0,CCLE_Omics,1
CALR--NCL,1,0,CCLE_Omics,1
CALR--PTMA,1,0,CCLE_Omics,1
CALR--RPLP0,1,0,CCLE_Omics,1
CALR--TPT1,1,0,CCLE_Omics,1
CALR--UBB,1,0,CCLE_Omics,1
CALU--MT-CO2,1,0,CCLE_Omics,1
CAMK2G--NDST2,1,0,CCLE_Omics,1
CAMTA2--SPAG7,1,0,CCLE_Omics,1
CANX--CAPN2,1,0,CCLE_Omics,1
CANX--EEF1A1,1,0,CCLE_Omics,1
CANX--HSPA5,1,0,CCLE_Omics,1
CANX--MT-ATP6,1,0,CCLE_Omics,1
CANX--MT-ATP8,1,0,CCLE_Omics,1
CANX--MT-CO1,1,0,CCLE_Omics,1
CANX--NPM1,1,0,CCLE_Omics,1
CANX--PPIA,1,0,CCLE_Omics,1
CANX--PTMA,1,0,CCLE_Omics,1
CANX--TUBA1B,1,0,CCLE_Omics,1
CAPN2--LPP,1,0,CCLE_Omics,1
CAPN2--PSAP,1,0,CCLE_Omics,1
CAPN2--SERPINE1,1,0,CCLE_Omics,1
CAPS--MT-ND4,1,0,CCLE_Omics,1
CAPZA1--SRP9,1,0,CCLE_Omics,1
CAPZA2--CSDE1,1,0,CCLE_Omics,1
CAPZA2--MAML2,1,0,CCLE_Omics,1
CAPZA2--MET,1,0,CCLE_Omics,1
CAPZA2--MT-CO1,1,0,CCLE_Omics,1
CAPZA2--ST7,1,0,CCLE_Omics,1
CAPZA2--UBB,1,0,CCLE_Omics,1
CAPZB--EEF1A1P5,1,0,CCLE_Omics,1
CAPZB--RPL14,1,0,CCLE_Omics,1
CARM1--RPL13,1,0,CCLE_Omics,1
CASC11--PVT1,1,0,CCLE_Omics,1
CASC15--CDKAL1,1,0,CCLE_Omics,1
CASC19--CASC8,1,0,CCLE_Omics,1
CASK--MT-CO1,1,0,CCLE_Omics,1
CAT--PDHX,1,0,CCLE_Omics,1
CAV1--CAV2,1,0,CCLE_Omics,1
CAV1--RPS3,1,0,CCLE_Omics,1
CAV1--TES,1,0,CCLE_Omics,1
CAV2--MT2A,1,0,CCLE_Omics,1
CAVIN1--STAT3,1,0,CCLE_Omics,1
CAVIN1--TTYH3,1,0,CCLE_Omics,1
CBX1--COX4I1,1,0,CCLE_Omics,1
CBX1--NFE2L1,1,0,CCLE_Omics,1
CBX1--SKAP1,1,0,CCLE_Omics,1
CBX5--FAM242C,1,0,CCLE_Omics,1
CBX6--MT-ATP6,1,0,CCLE_Omics,1
CBX6--MT-ATP8,1,0,CCLE_Omics,1
CCAR1--DDX50,1,0,CCLE_Omics,1
CCAR1--HNRNPA2B1,1,0,CCLE_Omics,1
CCDC112--FEM1C,1,0,CCLE_Omics,1
CCDC127--PDCD6,1,0,CCLE_Omics,1
CCDC144NL--USP22,1,0,CCLE_Omics,1
CCDC146--FBXL13,1,0,CCLE_Omics,1
CCDC146--PMS2P2,1,0,CCLE_Omics,1
CCDC192--SLC12A2,1,0,CCLE_Omics,1
CCDC57--FASN,1,0,CCLE_Omics,1
CCDC80--MT-ATP8,1,0,CCLE_Omics,1
CCDC88A--PPP4R3B,1,0,CCLE_Omics,1
CCDC88A--RTN4,1,0,CCLE_Omics,1
CCDC88C--NAP1L1P3,1,0,CCLE_Omics,1
CCDC9--MTHFD2,1,0,CCLE_Omics,1
CCDC91--PPFIBP1,1,0,CCLE_Omics,1
CCDC91--RASSF8-AS1,1,0,CCLE_Omics,1
CCNB1--NME1-NME2,1,0,CCLE_Omics,1
CCND1--MT-ND1,1,0,CCLE_Omics,1
CCND1--RPL7A,1,0,CCLE_Omics,1
CCND1--TPCN2,1,0,CCLE_Omics,1
CCND3--MT-CO3,1,0,CCLE_Omics,1
CCNG1--MT-ND4,1,0,CCLE_Omics,1
CCNI--MT-ND4,1,0,CCLE_Omics,1
CCNL1--SKIL,1,0,CCLE_Omics,1
CCT2--CPSF6,1,0,CCLE_Omics,1
CCT2--NPM1,1,0,CCLE_Omics,1
CCT2--RPL12,1,0,CCLE_Omics,1
CCT2--RPS3,1,0,CCLE_Omics,1
CCT2--YEATS4,1,0,CCLE_Omics,1
CCT3--EEF1A1,1,0,CCLE_Omics,1
CCT3--SMG5,1,0,CCLE_Omics,1
CCT3--VIM,1,0,CCLE_Omics,1
CCT4--USP34,1,0,CCLE_Omics,1
CCT4--XPO1,1,0,CCLE_Omics,1
CCT6A--PSPH,1,0,CCLE_Omics,1
CCT6A--RPS20,1,0,CCLE_Omics,1
CCT6A--RPS24,1,0,CCLE_Omics,1
CCZ1--MT-CO3,1,0,CCLE_Omics,1
CD164--ENO1,1,0,CCLE_Omics,1
CD164--GNAS,1,0,CCLE_Omics,1
CD164--MT-CO2,1,0,CCLE_Omics,1
CD24--MT-ATP6,1,0,CCLE_Omics,1
CD24--MT-ND2,1,0,CCLE_Omics,1
CD37--HMGB2,1,0,CCLE_Omics,1
CD44--GNAS,1,0,CCLE_Omics,1
CD44--PDHX,1,0,CCLE_Omics,1
CD44--RACK1,1,0,CCLE_Omics,1
CD44--VIM,1,0,CCLE_Omics,1
CD46--MT-RNR2,1,0,CCLE_Omics,1
CD59--GAPDH,1,0,CCLE_Omics,1
CD63--MT-CO1,1,0,CCLE_Omics,1
CD74--MT-CO1,1,0,CCLE_Omics,1
CD74--MT-CO2,1,0,CCLE_Omics,1
CD74--MT-CYB,1,0,CCLE_Omics,1
CD74--RPS14,1,0,CCLE_Omics,1
CD81--HMGCR,1,0,CCLE_Omics,1
CD82--MT-ND2,1,0,CCLE_Omics,1
CD9--KDELR1,1,0,CCLE_Omics,1
CD9--RPL4,1,0,CCLE_Omics,1
CD96--PLCXD2,1,0,CCLE_Omics,1
CDC16--UPF3A,1,0,CCLE_Omics,1
CDC20--HSPD1,1,0,CCLE_Omics,1
CDC42--HP1BP3,1,0,CCLE_Omics,1
CDC42BPG--MT-ND5,1,0,CCLE_Omics,1
CDC42SE2--LYRM7,1,0,CCLE_Omics,1
CDC42SE2--RAPGEF6,1,0,CCLE_Omics,1
CDC5L--MT-CO2,1,0,CCLE_Omics,1
CDC73--LINC01031,1,0,CCLE_Omics,1
CDH13--HSBP1,1,0,CCLE_Omics,1
CDK12--FBXL20,1,0,CCLE_Omics,1
CDK13--LINC00265,1,0,CCLE_Omics,1
CDK17--NTN4,1,0,CCLE_Omics,1
CDK2--RAB5B,1,0,CCLE_Omics,1
CDK4--CDK4P1,1,0,CCLE_Omics,1
CDK4--EEF1A1,1,0,CCLE_Omics,1
CDK4--FUS,1,0,CCLE_Omics,1
CDK4--MT-CO3,1,0,CCLE_Omics,1
CDK5RAP2--MEGF9,1,0,CCLE_Omics,1
CDKAL1--E2F3,1,0,CCLE_Omics,1
CDKN1A--EEF1A1,1,0,CCLE_Omics,1
CDV3--SET,1,0,CCLE_Omics,1
CDYL--SERPINB6,1,0,CCLE_Omics,1
CEBPB--MT-ND2,1,0,CCLE_Omics,1
CEBPZ--EIF2AK2,1,0,CCLE_Omics,1
CELF1--MTCH2,1,0,CCLE_Omics,1
CENPW--TRMT11,1,0,CCLE_Omics,1
CEP72--PDCD6,1,0,CCLE_Omics,1
CEP78--PSAT1,1,0,CCLE_Omics,1
CEP83--TMCC3,1,0,CCLE_Omics,1
CEP85L--MTHFD1L,1,0,CCLE_Omics,1
CEP89--RHPN2,1,0,CCLE_Omics,1
CERS6--STK39,1,0,CCLE_Omics,1
CFAP20--MT-CO2,1,0,CCLE_Omics,1
CFL1--FOSL1,1,0,CCLE_Omics,1
CFL1--KRT81,1,0,CCLE_Omics,1
CFL1--MT-CO2,1,0,CCLE_Omics,1
CFL1--MT-CO3,1,0,CCLE_Omics,1
CFL1--MT-ND5,1,0,CCLE_Omics,1
CFL1--NDUFB9,1,0,CCLE_Omics,1
CFL1--RPL4,1,0,CCLE_Omics,1
CFL1--SCD,1,0,CCLE_Omics,1
CFL1--SENP3-EIF4A1,1,0,CCLE_Omics,1
CFL1--YWHAE,1,0,CCLE_Omics,1
CGGBP1--NACA,1,0,CCLE_Omics,1
CHCHD2--EEF2,1,0,CCLE_Omics,1
CHCHD2--MT-CO3,1,0,CCLE_Omics,1
CHCHD2--MT-ND2,1,0,CCLE_Omics,1
CHCHD3--EXOC4,1,0,CCLE_Omics,1
CHCHD3--MT-CO1,1,0,CCLE_Omics,1
CHD2--MT-CO1,1,0,CCLE_Omics,1
CHD2--PTTG1,1,0,CCLE_Omics,1
CHD8--HNRNPC,1,0,CCLE_Omics,1
CHEK2--XBP1,0,1,Breast,1
CHFR--POLE,1,0,CCLE_Omics,1
CHIC2--FIP1L1,1,0,CCLE_Omics,1
CHKA--PPFIA1,1,0,CCLE_Omics,1
CHMP1A--MAN1A2,1,0,CCLE_Omics,1
CHMP1A--PLPBP,1,0,CCLE_Omics,1
CHMP1A--ZNF519,1,0,CCLE_Omics,1
CHMP1A--ZNF738,1,0,CCLE_Omics,1
CHMP4B--NCOA6,1,0,CCLE_Omics,1
CHMP4B--RALY,1,0,CCLE_Omics,1
CHRNA5--CPSF6,1,0,CCLE_Omics,1
CHTOP--RPS15A,1,0,CCLE_Omics,1
CHURC1-FNTB--FUT8,1,0,CCLE_Omics,1
CIB1--RPL18,1,0,CCLE_Omics,1
CIRBP--CNP,1,0,CCLE_Omics,1
CISD3--RPS8,1,0,CCLE_Omics,1
CIZ1--SPTAN1,1,0,CCLE_Omics,1
CKAP5--MT-ATP8,1,0,CCLE_Omics,1
CKAP5--SET,1,0,CCLE_Omics,1
CKB--MT-CO1,1,0,CCLE_Omics,1
CLASRP--MT-CYB,1,0,CCLE_Omics,1
CLDN3--MT-CO3,1,0,CCLE_Omics,1
CLDN4--METTL27,1,0,CCLE_Omics,1
CLDN4--MT-ND4L,1,0,CCLE_Omics,1
CLEC11A--PTMA,1,0,CCLE_Omics,1
CLEC16A--SNN,1,0,CCLE_Omics,1
CLIC1--KRT8,1,0,CCLE_Omics,1
CLIC1--RPL7,1,0,CCLE_Omics,1
CLIC2--TMLHE,1,0,CCLE_Omics,1
CLINT1--RNF130,1,0,CCLE_Omics,1
CLK2--MT-ND2,1,0,CCLE_Omics,1
CLNS1A--EEF1B2,1,0,CCLE_Omics,1
CLNS1A--RSF1,1,0,CCLE_Omics,1
CLPSL1--LHFPL5,1,0,CCLE_Omics,1
CLSTN3--MT-ATP6,1,0,CCLE_Omics,1
CLTA--PTMA,1,0,CCLE_Omics,1
CLTC--RPS6KB1,1,0,CCLE_Omics,1
CLTC--VMP1,1,0,CCLE_Omics,1
CLTCL1--HIRA,1,0,CCLE_Omics,1
CLU--EEF1A1,1,0,CCLE_Omics,1
CLU--MT-CO3,1,0,CCLE_Omics,1
CLUH--MT-ND5,1,0,CCLE_Omics,1
CLYBL--PCCA,1,0,CCLE_Omics,1
CMSS1--NIT2,1,0,CCLE_Omics,1
CMSS1--TBC1D23,1,0,CCLE_Omics,1
CNBP--HADHA,1,0,CCLE_Omics,1
CNBP--RPL12,1,0,CCLE_Omics,1
CNIH4--SKP1,1,0,CCLE_Omics,1
CNNM3--MT-ATP6,1,0,CCLE_Omics,1
CNOT2--NAV3,1,0,CCLE_Omics,1
CNR2--FUCA1,1,0,CCLE_Omics,1
CNTNAP3P1--LERFS,1,0,CCLE_Omics,1
COA4--MRPL48,1,0,CCLE_Omics,1
COG3--GTF2F2,1,0,CCLE_Omics,1
COG4--ST3GAL2,1,0,CCLE_Omics,1
COL1A1--EEF1A1,1,0,CCLE_Omics,1
COL1A2--EEF1A1,1,0,CCLE_Omics,1
COL6A1--MT-CO2,1,0,CCLE_Omics,1
COLEC10--SAMD12-AS1,1,0,CCLE_Omics,1
COP1--HELZ,1,0,CCLE_Omics,1
COPG1--EEF1A1,1,0,CCLE_Omics,1
COPG2--LINC-PINT,1,0,CCLE_Omics,1
CORO2A--TRIM14,1,0,CCLE_Omics,1
COX16--MT-CO2,1,0,CCLE_Omics,1
COX6A1--GAPDH,1,0,CCLE_Omics,1
COX6A1--GATC,1,0,CCLE_Omics,1
COX6A1--KRT8,1,0,CCLE_Omics,1
COX6C--COX6CP1,1,0,CCLE_Omics,1
COX7A2--EEF1A1,1,0,CCLE_Omics,1
COX7B--FXYD5,1,0,CCLE_Omics,1
COX7C--MT-ND6,1,0,CCLE_Omics,1
COX8A--NAA40,1,0,CCLE_Omics,1
CPB2-AS1--ZC3H13,1,0,CCLE_Omics,1
CPNE1--RBM39,1,0,CCLE_Omics,1
CPSF4L--FAM104A,1,0,CCLE_Omics,1
CPSF6--FOXD1,1,0,CCLE_Omics,1
CPSF6--IVNS1ABP,1,0,CCLE_Omics,1
CPSF6--KBTBD11,1,0,CCLE_Omics,1
CPSF6--MT-ATP6,1,0,CCLE_Omics,1
CPSF6--MT-ATP8,1,0,CCLE_Omics,1
CPSF6--RPL5,1,0,CCLE_Omics,1
CPSF7--HSP90AB1,1,0,CCLE_Omics,1
CRAMP1--MT-RNR2,1,0,CCLE_Omics,1
CRCP--MAP4K3,1,0,CCLE_Omics,1
CREBBP--USP7,1,0,CCLE_Omics,1
CRHR1--LINC02210,1,0,CCLE_Omics,1
CRIP1--CRIP2,1,0,CCLE_Omics,1
CRK--YWHAE,1,0,CCLE_Omics,1
CSDE1--EEF1A1,1,0,CCLE_Omics,1
CSDE1--RPS3,1,0,CCLE_Omics,1
CSE1L--EEF1A1,1,0,CCLE_Omics,1
CSE1L--MSN,1,0,CCLE_Omics,1
CSE1L--STAU1,1,0,CCLE_Omics,1
CSNK1D--PDIA4,1,0,CCLE_Omics,1
CSNK1G2--SCAMP4,1,0,CCLE_Omics,1
CSTF3--EIF3M,1,0,CCLE_Omics,1
CTBP1--MAEA,1,0,CCLE_Omics,1
CTNNA1--RPL7A,1,0,CCLE_Omics,1
CTNNA1--SIL1,1,0,CCLE_Omics,1
CTNNB1--GAPDH,1,0,CCLE_Omics,1
CTNNBIP1--MT-ATP8,1,0,CCLE_Omics,1
CTNND1--SERPING1,1,0,CCLE_Omics,1
CTNND1--TMX2,1,0,CCLE_Omics,1
CTSB--FDFT1,1,0,CCLE_Omics,1
CTSD--HDLBP,1,0,CCLE_Omics,1
CTSD--PEX26,1,0,CCLE_Omics,1
CTSD--TUBA1A,1,0,CCLE_Omics,1
CTTN--MT-ND4L,1,0,CCLE_Omics,1
CUL1--EZH2,1,0,CCLE_Omics,1
CUL1--RPL3,1,0,CCLE_Omics,1
CUL2--PARD3,1,0,CCLE_Omics,1
CUL3--MT-ATP6,1,0,CCLE_Omics,1
CUL3--MT-RNR2,1,0,CCLE_Omics,1
CUL4A--GRTP1,1,0,CCLE_Omics,1
CUL5--DDX10,1,0,CCLE_Omics,1
CUL7--MT-RNR2,1,0,CCLE_Omics,1
CUTA--EEF2,1,0,CCLE_Omics,1
CUTA--S100A6,1,0,CCLE_Omics,1
CUX1--SH2B2,1,0,CCLE_Omics,1
CWC25--RPL23,1,0,CCLE_Omics,1
CWC27--SHISAL2B,1,0,CCLE_Omics,1
CXCL8--GNB1,1,0,CCLE_Omics,1
CXXC5--UBE2D2,1,0,CCLE_Omics,1
CYB5B--NFAT5,1,0,CCLE_Omics,1
CYBA--OST4,1,0,CCLE_Omics,1
CYCS--RPS19,1,0,CCLE_Omics,1
CYP51A1--GNAS,1,0,CCLE_Omics,1
DAG1--MT-CO3,1,0,CCLE_Omics,1
DANCR--GNB1,1,0,CCLE_Omics,1
DANCR--HMGB1,1,0,CCLE_Omics,1
DANCR--PHF14,1,0,CCLE_Omics,1
DANCR--U2AF1,1,0,CCLE_Omics,1
DAPK2--HERC1,1,0,CCLE_Omics,1
DAZAP1--RPS15,1,0,CCLE_Omics,1
DBF4B--NMT1,1,0,CCLE_Omics,1
DBN1--MT-ATP8,1,0,CCLE_Omics,1
DCAF6--MPZL1,1,0,CCLE_Omics,1
DCAF7--TANC2,1,0,CCLE_Omics,1
DCAF8--NCKAP1,1,0,CCLE_Omics,1
DCBLD2--LINC00973,1,0,CCLE_Omics,1
DCLRE1B--RSBN1,1,0,CCLE_Omics,1
DCUN1D2--TMCO3,1,0,CCLE_Omics,1
DCUN1D4--USP46,1,0,CCLE_Omics,1
DDB1--MT-ND5,1,0,CCLE_Omics,1
DDIT4--MT-CO3,1,0,CCLE_Omics,1
DDOST--GPI,1,0,CCLE_Omics,1
DDOST--HP1BP3,1,0,CCLE_Omics,1
DDR2--UAP1,1,0,CCLE_Omics,1
DDX1--EEF1A1,1,0,CCLE_Omics,1
DDX1--MT-ND2,1,0,CCLE_Omics,1
DDX1--NBAS,1,0,CCLE_Omics,1
DDX1--NPM1,1,0,CCLE_Omics,1
DDX1--PDIA6,1,0,CCLE_Omics,1
DDX1--RPL7A,1,0,CCLE_Omics,1
DDX17--HSP90AB1,1,0,CCLE_Omics,1
DDX17--RPL13,1,0,CCLE_Omics,1
DDX17--VMP1,1,0,CCLE_Omics,1
DDX21--RPL11,1,0,CCLE_Omics,1
DDX39B--MT-CO2,1,0,CCLE_Omics,1
DDX39B--MT-ND4,1,0,CCLE_Omics,1
DDX39B--RCC1,1,0,CCLE_Omics,1
DDX39B--RPS18,1,0,CCLE_Omics,1
DDX39B--SNHG3,1,0,CCLE_Omics,1
DDX3X--EEF1A1,1,0,CCLE_Omics,1
DDX3X--GAPDH,1,0,CCLE_Omics,1
DDX46--PCBD2,1,0,CCLE_Omics,1
DDX46--SEC24A,1,0,CCLE_Omics,1
DDX5--EEF1A1,1,0,CCLE_Omics,1
DDX5--GNAS,1,0,CCLE_Omics,1
DDX5--HSP90AA1,1,0,CCLE_Omics,1
DDX5--MT-ATP6,1,0,CCLE_Omics,1
DDX5--NME1-NME2,1,0,CCLE_Omics,1
DDX5--PCBP2,1,0,CCLE_Omics,1
DDX60L--NEK1,1,0,CCLE_Omics,1
DEDD--UFC1,1,0,CCLE_Omics,1
DENND1A--STRBP,1,0,CCLE_Omics,1
DENND2C--HIPK1,1,0,CCLE_Omics,1
DENND5A--IPO7,1,0,CCLE_Omics,1
DENND5A--TMEM41B,1,0,CCLE_Omics,1
DENND5B--SINHCAF,1,0,CCLE_Omics,1
DEPDC1B--PDE4D,0,1,Breast,1
DEPDC5--MT-RNR2,1,0,CCLE_Omics,1
DERA--STRAP,1,0,CCLE_Omics,1
DGCR2--MT-ATP6,1,0,CCLE_Omics,1
DGKZ--MT-RNR2,1,0,CCLE_Omics,1
DGUOK--RPL37A,1,0,CCLE_Omics,1
DHX15--HSP90AA1,1,0,CCLE_Omics,1
DHX30--MAP4,1,0,CCLE_Omics,1
DHX30--SMARCC1,1,0,CCLE_Omics,1
DHX34--NOP53,1,0,CCLE_Omics,1
DHX34--SAE1,1,0,CCLE_Omics,1
DIAPH1--MT-ND4L,1,0,CCLE_Omics,1
DLEU2--INTS6,1,0,CCLE_Omics,1
DLEU2--RNASEH2B,1,0,CCLE_Omics,1
DLG1--FN1,1,0,CCLE_Omics,1
DLG1--UBXN7,1,0,CCLE_Omics,1
DLGAP4--TGIF2,1,0,CCLE_Omics,1
DMGDH--JMY,1,0,CCLE_Omics,1
DMRTA1--LINC01239,1,0,CCLE_Omics,1
DMXL1--TNFAIP8,1,0,CCLE_Omics,1
DNAJA1--MT-RNR2,1,0,CCLE_Omics,1
DNAJA1--RPL10A,1,0,CCLE_Omics,1
DNAJB6--HSP90AA1,1,0,CCLE_Omics,1
DNAJB6--UBE3C,1,0,CCLE_Omics,1
DNAJC1--NEBL,1,0,CCLE_Omics,1
DNAJC18--SIL1,1,0,CCLE_Omics,1
DNAJC24--IMMP1L,1,0,CCLE_Omics,1
DNAJC25-GNG10--PTGR1,1,0,CCLE_Omics,1
DNAJC4--FKBP2,1,0,CCLE_Omics,1
DNM1--ODF2,1,0,CCLE_Omics,1
DNM2--ILF3,1,0,CCLE_Omics,1
DNM2--SMARCA4,1,0,CCLE_Omics,1
DNM3--METTL13,1,0,CCLE_Omics,1
DNM3--RABGAP1L,1,0,CCLE_Omics,1
DNPH1--MT-RNR2,1,0,CCLE_Omics,1
DNPH1--PPIA,1,0,CCLE_Omics,1
DOCK1--GFM1,1,0,CCLE_Omics,1
DOCK2--RANBP17,1,0,CCLE_Omics,1
DOCK4--IMMP2L,1,0,CCLE_Omics,1
DPH5--SLC30A7,1,0,CCLE_Omics,1
DPH6--ZNF770,1,0,CCLE_Omics,1
DPYSL3--JAKMIP2-AS1,1,0,CCLE_Omics,1
DR1--MTF2,1,0,CCLE_Omics,1
DRAP1--MT-ND5,1,0,CCLE_Omics,1
DSN1--SOGA1,1,0,CCLE_Omics,1
DTL--PPP2R5A,1,0,CCLE_Omics,1
DTNBP1--JARID2,1,0,CCLE_Omics,1
DTX2P1-UPK3BP1-PMS2P11--YWHAG,1,0,CCLE_Omics,1
DYNC1H1--HSP90AA1,1,0,CCLE_Omics,1
DYNC1I2--ITGA6,1,0,CCLE_Omics,1
E2F4--RPL14,1,0,CCLE_Omics,1
EAF2--IQCB1,1,0,CCLE_Omics,1
EBLN3P--ZCCHC7,1,0,CCLE_Omics,1
ECHDC1--PTPRK,1,0,CCLE_Omics,1
EDC3--RPL4,1,0,CCLE_Omics,1
EDEM2--MMP24OS,1,0,CCLE_Omics,1
EDEM2--TRPC4AP,1,0,CCLE_Omics,1
EDF1--PTMA,1,0,CCLE_Omics,1
EDF1--TPRN,1,0,CCLE_Omics,1
EEF1A1--EEF1G,1,0,CCLE_Omics,1
EEF1A1--EEF2,1,0,CCLE_Omics,1
EEF1A1--EIF3E,1,0,CCLE_Omics,1
EEF1A1--EIF4A1,1,0,CCLE_Omics,1
EEF1A1--EIF4G2,1,0,CCLE_Omics,1
EEF1A1--EMP1,1,0,CCLE_Omics,1
EEF1A1--EWSR1,1,0,CCLE_Omics,1
EEF1A1--FLNA,1,0,CCLE_Omics,1
EEF1A1--FLNB,1,0,CCLE_Omics,1
EEF1A1--FN1,1,0,CCLE_Omics,1
EEF1A1--FNBP1,1,0,CCLE_Omics,1
EEF1A1--FUS,1,0,CCLE_Omics,1
EEF1A1--G6PD,1,0,CCLE_Omics,1
EEF1A1--GAPDH,1,0,CCLE_Omics,1
EEF1A1--GAS5,1,0,CCLE_Omics,1
EEF1A1--GNAS,1,0,CCLE_Omics,1
EEF1A1--GOLGB1,1,0,CCLE_Omics,1
EEF1A1--HDLBP,1,0,CCLE_Omics,1
EEF1A1--HERC2,1,0,CCLE_Omics,1
EEF1A1--HLA-C,1,0,CCLE_Omics,1
EEF1A1--HNRNPA1,1,0,CCLE_Omics,1
EEF1A1--HNRNPA2B1,1,0,CCLE_Omics,1
EEF1A1--HNRNPF,1,0,CCLE_Omics,1
EEF1A1--HNRNPK,1,0,CCLE_Omics,1
EEF1A1--HSP90AA1,1,0,CCLE_Omics,1
EEF1A1--HSP90AB1,1,0,CCLE_Omics,1
EEF1A1--HSP90B1,1,0,CCLE_Omics,1
EEF1A1--HSPA8,1,0,CCLE_Omics,1
EEF1A1--IGHM,1,0,CCLE_Omics,1
EEF1A1--ITGB4,1,0,CCLE_Omics,1
EEF1A1--KRT18,1,0,CCLE_Omics,1
EEF1A1--KRT7,1,0,CCLE_Omics,1
EEF1A1--KRT8,1,0,CCLE_Omics,1
EEF1A1--LGALS3,1,0,CCLE_Omics,1
EEF1A1--LMO7,1,0,CCLE_Omics,1
EEF1A1--MBNL1,1,0,CCLE_Omics,1
EEF1A1--MSN,1,0,CCLE_Omics,1
EEF1A1--MT-ATP6,1,0,CCLE_Omics,1
EEF1A1--MT-CO1,1,0,CCLE_Omics,1
EEF1A1--MT-CYB,1,0,CCLE_Omics,1
EEF1A1--MT-ND4,1,0,CCLE_Omics,1
EEF1A1--MT-ND4L,1,0,CCLE_Omics,1
EEF1A1--MT-ND6,1,0,CCLE_Omics,1
EEF1A1--MYC,1,0,CCLE_Omics,1
EEF1A1--MYO1C,1,0,CCLE_Omics,1
EEF1A1--NAP1L1,1,0,CCLE_Omics,1
EEF1A1--NDUFS3,1,0,CCLE_Omics,1
EEF1A1--NOL7,1,0,CCLE_Omics,1
EEF1A1--NQO1,1,0,CCLE_Omics,1
EEF1A1--PABPC1,1,0,CCLE_Omics,1
EEF1A1--PRKAB1,1,0,CCLE_Omics,1
EEF1A1--PTMA,1,0,CCLE_Omics,1
EEF1A1--RANGAP1,1,0,CCLE_Omics,1
EEF1A1--RPL11,1,0,CCLE_Omics,1
EEF1A1--RPL19,1,0,CCLE_Omics,1
EEF1A1--RPL30,1,0,CCLE_Omics,1
EEF1A1--RPL35,1,0,CCLE_Omics,1
EEF1A1--RPL37A,1,0,CCLE_Omics,1
EEF1A1--RPL38,1,0,CCLE_Omics,1
EEF1A1--RPL4,1,0,CCLE_Omics,1
EEF1A1--RPL5,1,0,CCLE_Omics,1
EEF1A1--RPLP0,1,0,CCLE_Omics,1
EEF1A1--RPLP0P6,1,0,CCLE_Omics,1
EEF1A1--RPS12,1,0,CCLE_Omics,1
EEF1A1--RPS16,1,0,CCLE_Omics,1
EEF1A1--RPS18,1,0,CCLE_Omics,1
EEF1A1--RPS19,1,0,CCLE_Omics,1
EEF1A1--RPS27A,1,0,CCLE_Omics,1
EEF1A1--RPS3,1,0,CCLE_Omics,1
EEF1A1--RPS4X,1,0,CCLE_Omics,1
EEF1A1--SAR1A,1,0,CCLE_Omics,1
EEF1A1--SENP3-EIF4A1,1,0,CCLE_Omics,1
EEF1A1--SERPINE1,1,0,CCLE_Omics,1
EEF1A1--SLC2A1,1,0,CCLE_Omics,1
EEF1A1--SLC7A5,1,0,CCLE_Omics,1
EEF1A1--SPARC,1,0,CCLE_Omics,1
EEF1A1--SPINT2,1,0,CCLE_Omics,1
EEF1A1--SPNS1,1,0,CCLE_Omics,1
EEF1A1--SQSTM1,1,0,CCLE_Omics,1
EEF1A1--SRP9,1,0,CCLE_Omics,1
EEF1A1--SRSF11,1,0,CCLE_Omics,1
EEF1A1--SRSF7,1,0,CCLE_Omics,1
EEF1A1--SSR1,1,0,CCLE_Omics,1
EEF1A1--SUPT6H,1,0,CCLE_Omics,1
EEF1A1--TCERG1,1,0,CCLE_Omics,1
EEF1A1--TFDP1,1,0,CCLE_Omics,1
EEF1A1--TFRC,1,0,CCLE_Omics,1
EEF1A1--TIMP2,1,0,CCLE_Omics,1
EEF1A1--TNPO3,1,0,CCLE_Omics,1
EEF1A1--TPT1,1,0,CCLE_Omics,1
EEF1A1--TRA2B,1,0,CCLE_Omics,1
EEF1A1--TXNRD1,1,0,CCLE_Omics,1
EEF1A1--UBB,1,0,CCLE_Omics,1
EEF1A1--VDAC3,1,0,CCLE_Omics,1
EEF1A1--WDR6,1,0,CCLE_Omics,1
EEF1A1--WDR74,1,0,CCLE_Omics,1
EEF1A1--XPO1,1,0,CCLE_Omics,1
EEF1A1--YAP1,1,0,CCLE_Omics,1
EEF1A1--YWHAZ,1,0,CCLE_Omics,1
EEF1A1--ZMIZ1,1,0,CCLE_Omics,1
EEF1A1--ZNF207,1,0,CCLE_Omics,1
EEF1A1--ZNF544,1,0,CCLE_Omics,1
EEF1A1P5--EEF1A2,1,0,CCLE_Omics,1
EEF1A1P5--EEF2,1,0,CCLE_Omics,1
EEF1A1P5--ENO1,1,0,CCLE_Omics,1
EEF1A1P5--HSP90AB1,1,0,CCLE_Omics,1
EEF1A1P5--HSP90B1,1,0,CCLE_Omics,1
EEF1A1P5--MT-CO3,1,0,CCLE_Omics,1
EEF1A1P5--MT-CYB,1,0,CCLE_Omics,1
EEF1A1P5--RPS3,1,0,CCLE_Omics,1
EEF1A2--EEF2,1,0,CCLE_Omics,1
EEF1A2--GAPDH,1,0,CCLE_Omics,1
EEF1D--ENO1,1,0,CCLE_Omics,1
EEF1D--GAPDH,1,0,CCLE_Omics,1
EEF1D--HSP90AA1,1,0,CCLE_Omics,1
EEF1D--IGF2R,1,0,CCLE_Omics,1
EEF1D--MT-CO2,1,0,CCLE_Omics,1
EEF1D--RCC1,1,0,CCLE_Omics,1
EEF1D--RPL23A,1,0,CCLE_Omics,1
EEF1D--RPL3,1,0,CCLE_Omics,1
EEF1D--RPL31,1,0,CCLE_Omics,1
EEF1D--RPL7A,1,0,CCLE_Omics,1
EEF1D--SNHG3,1,0,CCLE_Omics,1
EEF1D--TMSB10,1,0,CCLE_Omics,1
EEF1G--EIF4G2,1,0,CCLE_Omics,1
EEF1G--GAPDH,1,0,CCLE_Omics,1
EEF1G--JUP,1,0,CCLE_Omics,1
EEF1G--KRT19,1,0,CCLE_Omics,1
EEF1G--RPL22,1,0,CCLE_Omics,1
EEF1G--RPL5,1,0,CCLE_Omics,1
EEF1G--RPS12,1,0,CCLE_Omics,1
EEF1G--RPS27,1,0,CCLE_Omics,1
EEF1G--RPS3A,1,0,CCLE_Omics,1
EEF2--ENO1,1,0,CCLE_Omics,1
EEF2--FN1,1,0,CCLE_Omics,1
EEF2--FTH1,1,0,CCLE_Omics,1
EEF2--HNRNPA2B1,1,0,CCLE_Omics,1
EEF2--KRT8,1,0,CCLE_Omics,1
EEF2--MT-ATP6,1,0,CCLE_Omics,1
EEF2--MT-ATP8,1,0,CCLE_Omics,1
EEF2--MT-CO1,1,0,CCLE_Omics,1
EEF2--MT-CO3,1,0,CCLE_Omics,1
EEF2--MT-ND2,1,0,CCLE_Omics,1
EEF2--MT2A,1,0,CCLE_Omics,1
EEF2--P4HB,1,0,CCLE_Omics,1
EEF2--POLR2A,1,0,CCLE_Omics,1
EEF2--RANGAP1,1,0,CCLE_Omics,1
EEF2--RPL13,1,0,CCLE_Omics,1
EEF2--RPL13A,1,0,CCLE_Omics,1
EEF2--RPL18,1,0,CCLE_Omics,1
EEF2--RPL3,1,0,CCLE_Omics,1
EEF2--RPL4,1,0,CCLE_Omics,1
EEF2--RPLP0,1,0,CCLE_Omics,1
EEF2--RPLP1,1,0,CCLE_Omics,1
EEF2--RPS17,1,0,CCLE_Omics,1
EEF2--RPS2,1,0,CCLE_Omics,1
EEF2--RPS28,1,0,CCLE_Omics,1
EEF2--TPT1,1,0,CCLE_Omics,1
EFCAB12--IFT122,1,0,CCLE_Omics,1
EFCAB2--KIF26B,1,0,CCLE_Omics,1
EFCAB3--TLK2,1,0,CCLE_Omics,1
EFCAB5--NSRP1,1,0,CCLE_Omics,1
EFNB1--MT-CO2,1,0,CCLE_Omics,1
EFTUD2--KIF18B,1,0,CCLE_Omics,1
EGFR--GNAS,1,0,CCLE_Omics,1
EGFR--MT-RNR2,1,0,CCLE_Omics,1
EGFR--SET,1,0,CCLE_Omics,1
EIF1--FTH1,1,0,CCLE_Omics,1
EIF1--GNAS,1,0,CCLE_Omics,1
EIF1--GSTP1,1,0,CCLE_Omics,1
EIF1--KRT18,1,0,CCLE_Omics,1
EIF1--KRT8,1,0,CCLE_Omics,1
EIF1--MRPL3,1,0,CCLE_Omics,1
EIF1--MT-ATP8,1,0,CCLE_Omics,1
EIF1--MT-CO1,1,0,CCLE_Omics,1
EIF1--MT-CO2,1,0,CCLE_Omics,1
EIF1--MT-CO3,1,0,CCLE_Omics,1
EIF1--MT-ND2,1,0,CCLE_Omics,1
EIF1--MT-ND4L,1,0,CCLE_Omics,1
EIF1--NONO,1,0,CCLE_Omics,1
EIF1--PPIA,1,0,CCLE_Omics,1
EIF1--PPIAP22,1,0,CCLE_Omics,1
EIF1--RPL5,1,0,CCLE_Omics,1
EIF1--RPLP2,1,0,CCLE_Omics,1
EIF1--TMSB4X,1,0,CCLE_Omics,1
EIF1--YBX1,1,0,CCLE_Omics,1
EIF2S1--HNRNPH1,1,0,CCLE_Omics,1
EIF2S2--MT-CO1,1,0,CCLE_Omics,1
EIF2S3--HMGB1,1,0,CCLE_Omics,1
EIF2S3--HSPD1,1,0,CCLE_Omics,1
EIF3D--RPS18,1,0,CCLE_Omics,1
EIF3E--EIF3H,1,0,CCLE_Omics,1
EIF3E--EMC2,1,0,CCLE_Omics,1
EIF3E--RPL7,1,0,CCLE_Omics,1
EIF3E--YWHAZ,1,0,CCLE_Omics,1
EIF3G--PIN4,1,0,CCLE_Omics,1
EIF3H--EXT1,1,0,CCLE_Omics,1
EIF3H--GNAS,1,0,CCLE_Omics,1
EIF3H--RAD21,1,0,CCLE_Omics,1
EIF3H--SAMD12,1,0,CCLE_Omics,1
EIF3H--TRPS1,1,0,CCLE_Omics,1
EIF3I--MT-CYB,1,0,CCLE_Omics,1
EIF3K--MT-ATP6,1,0,CCLE_Omics,1
EIF3L--MICALL1,1,0,CCLE_Omics,1
EIF3L--RPL4,1,0,CCLE_Omics,1
EIF4A1--EIF5A,1,0,CCLE_Omics,1
EIF4A1--FTL,1,0,CCLE_Omics,1
EIF4A1--HNRNPA2B1,1,0,CCLE_Omics,1
EIF4A1--LIMA1,1,0,CCLE_Omics,1
EIF4A1--MT-CO1,1,0,CCLE_Omics,1
EIF4A2--FN1,1,0,CCLE_Omics,1
EIF4B--PTMA,1,0,CCLE_Omics,1
EIF4B--RPS3A,1,0,CCLE_Omics,1
EIF4E--TSPAN5,1,0,CCLE_Omics,1
EIF4E2--MT-ATP6,1,0,CCLE_Omics,1
EIF4E2--MT-ATP8,1,0,CCLE_Omics,1
EIF4G1--MT-ND4,1,0,CCLE_Omics,1
EIF4G2--GNAS,1,0,CCLE_Omics,1
EIF4G2--GNB1,1,0,CCLE_Omics,1
EIF4G2--RPL13A,1,0,CCLE_Omics,1
EIF4G2--RPS12,1,0,CCLE_Omics,1
EIF4H--ELN,1,0,CCLE_Omics,1
EIF4H--RPL27,1,0,CCLE_Omics,1
EIF4H--UBB,1,0,CCLE_Omics,1
EIF5--NKTR,1,0,CCLE_Omics,1
EIF5A--GNB2,1,0,CCLE_Omics,1
EIF5A--HMGN2,1,0,CCLE_Omics,1
EIF5A--HNRNPA2B1,1,0,CCLE_Omics,1
EIF5A--RPL4,1,0,CCLE_Omics,1
EIF5A2--RPL22L1,1,0,CCLE_Omics,1
EIF5B--MT-CO2,1,0,CCLE_Omics,1
EIPR1--TRAPPC12,1,0,CCLE_Omics,1
ELAVL1--FBN3,1,0,CCLE_Omics,1
ELOF1--MT-ND6,1,0,CCLE_Omics,1
ELOVL5--NPM1,1,0,CCLE_Omics,1
ELP2--GALNT1,1,0,CCLE_Omics,1
ELP2--MOCOS,1,0,CCLE_Omics,1
ELP2--RPL13,1,0,CCLE_Omics,1
EMC4--TMED3,1,0,CCLE_Omics,1
EMCN--SMARCC1,1,0,CCLE_Omics,1
EME2--NUBP2,1,0,CCLE_Omics,1
EMG1--SRP9,1,0,CCLE_Omics,1
EML4--MTA3,1,0,CCLE_Omics,1
EMP1--RPS24,1,0,CCLE_Omics,1
EMP2--TEKT5,1,0,CCLE_Omics,1
ENO1--FTL,1,0,CCLE_Omics,1
ENO1--GAPDH,1,0,CCLE_Omics,1
ENO1--HMGCS1,1,0,CCLE_Omics,1
ENO1--ILF2,1,0,CCLE_Omics,1
ENO1--KRT8,1,0,CCLE_Omics,1
ENO1--MT-CYB,1,0,CCLE_Omics,1
ENO1--RPL10,1,0,CCLE_Omics,1
ENO1--RPL22,1,0,CCLE_Omics,1
ENO1--RPL5,1,0,CCLE_Omics,1
ENO1--RPL8,1,0,CCLE_Omics,1
ENO1--RPS18,1,0,CCLE_Omics,1
ENO1--RPS2,1,0,CCLE_Omics,1
ENO1--RPS3,1,0,CCLE_Omics,1
ENO1--SENP3-EIF4A1,1,0,CCLE_Omics,1
ENO1--TPI1,1,0,CCLE_Omics,1
ENO1--TPX2,1,0,CCLE_Omics,1
ENO1--TRIM28,1,0,CCLE_Omics,1
ENO1--TXN,1,0,CCLE_Omics,1
ENO1--XRCC6,1,0,CCLE_Omics,1
ENY2--HYOU1,1,0,CCLE_Omics,1
EPB41--PTPRU,1,0,CCLE_Omics,1
EPB41--YTHDF2,1,0,CCLE_Omics,1
EPCAM--GAPDH,1,0,CCLE_Omics,1
EPCAM--MSH2,1,0,CCLE_Omics,1
EPS15--FAF1,1,0,CCLE_Omics,1
EPS15L1--TPM4,1,0,CCLE_Omics,1
ERBB2--JUP,1,0,CCLE_Omics,1
ERBB2--KRT7,1,0,CCLE_Omics,1
ERBB2--KRT8,1,0,CCLE_Omics,1
ERBB2--MT-ATP6,1,0,CCLE_Omics,1
ERBB2--MT-CO3,1,0,CCLE_Omics,1
ERBB2--MT-ND1,1,0,CCLE_Omics,1
ERBB2--MT-ND2,1,0,CCLE_Omics,1
ERBB2--MT-ND4L,1,0,CCLE_Omics,1
ERBB2--RPL8,1,0,CCLE_Omics,1
ERBB3--PCBP2,1,0,CCLE_Omics,1
ERBIN--NLN,1,0,CCLE_Omics,1
ERC1--WNK1,1,0,CCLE_Omics,1
ERC1--WNT5B,1,0,CCLE_Omics,1
ERGIC1--NEURL1B,1,0,CCLE_Omics,1
ERGIC3--MAP4K4,1,0,CCLE_Omics,1
ERICH5--RPL30,1,0,CCLE_Omics,1
ERN1--TANC2,1,0,CCLE_Omics,1
ESF1--TASP1,1,0,CCLE_Omics,1
ESYT1--FTL,1,0,CCLE_Omics,1
ESYT2--MT-ND4L,1,0,CCLE_Omics,1
ESYT2--NCAPG2,1,0,CCLE_Omics,1
ETFA--SCAPER,1,0,CCLE_Omics,1
ETHE1--RPL13,1,0,CCLE_Omics,1
ETS1--MT-ATP6,1,0,CCLE_Omics,1
EXT1--MED30,1,0,CCLE_Omics,1
EXT1--SAMD12,1,0,CCLE_Omics,1
EYA3--RCC1,1,0,CCLE_Omics,1
EZR--KRT8,1,0,CCLE_Omics,1
EZR--OSTCP1,1,0,CCLE_Omics,1
EZR--RACK1,1,0,CCLE_Omics,1
EZR--RPS7,1,0,CCLE_Omics,1
EZR--RSPH3,1,0,CCLE_Omics,1
FADS2--MT-ATP6,1,0,CCLE_Omics,1
FADS2--MT-ATP8,1,0,CCLE_Omics,1
FADS2--VIM,1,0,CCLE_Omics,1
FAF1--RNF11,1,0,CCLE_Omics,1
FAF1--SHANK2,1,0,CCLE_Omics,1
FAM114A2--ROCK1,1,0,CCLE_Omics,1
FAM120A--PHF2,1,0,CCLE_Omics,1
FAM120A--STK38,1,0,CCLE_Omics,1
FAM120B--ZNF736,1,0,CCLE_Omics,1
FAM133B--RBM48,1,0,CCLE_Omics,1
FAM13B--SIL1,1,0,CCLE_Omics,1
FAM168A--MT-CO1,1,0,CCLE_Omics,1
FAM171A1--NMT2,1,0,CCLE_Omics,1
FAM172A--KIAA0825,1,0,CCLE_Omics,1
FAM177A1--SRP54,1,0,CCLE_Omics,1
FAM185A--FBXL13,1,0,CCLE_Omics,1
FAM185A--LRRC17,1,0,CCLE_Omics,1
FAM193A--ZFYVE28,1,0,CCLE_Omics,1
FAM222B--FLOT2,1,0,CCLE_Omics,1
FAM83H--MT-CO2,1,0,CCLE_Omics,1
FANCC--MT-RNR2,1,0,CCLE_Omics,1
FASN--IGFBP5,1,0,CCLE_Omics,1
FASN--MT-ND4,1,0,CCLE_Omics,1
FASN--MT-RNR2,1,0,CCLE_Omics,1
FASN--TUBA1B,1,0,CCLE_Omics,1
FAT1--RPL27,1,0,CCLE_Omics,1
FAU--NPM1,1,0,CCLE_Omics,1
FAU--RPLP0,1,0,CCLE_Omics,1
FBL--RPL4,1,0,CCLE_Omics,1
FBRSL1--NOC4L,1,0,CCLE_Omics,1
FBXL20--RPL19,1,0,CCLE_Omics,1
FBXO22--UBE2Q2,1,0,CCLE_Omics,1
FBXO25--TDRP,1,0,CCLE_Omics,1
FBXO34--KTN1,1,0,CCLE_Omics,1
FBXO9--GAPDH,1,0,CCLE_Omics,1
FBXW11--NPM1,1,0,CCLE_Omics,1
FBXW11--RANBP17,1,0,CCLE_Omics,1
FBXW2--MT-ND5,1,0,CCLE_Omics,1
FBXW7--TMEM154,1,0,CCLE_Omics,1
FCGRT--RPL13AP5,1,0,CCLE_Omics,1
FDFT1--MT-ATP6,1,0,CCLE_Omics,1
FDFT1--MT-ATP8,1,0,CCLE_Omics,1
FER--PJA2,1,0,CCLE_Omics,1
FGD6--NR2C1,1,0,CCLE_Omics,1
FGD6--USP44,1,0,CCLE_Omics,1
FGFR1--MT-ND4L,1,0,CCLE_Omics,1
FIP1L1--SCFD2,1,0,CCLE_Omics,1
FKBP8--OAZ1,1,0,CCLE_Omics,1
FKBP8--PTMA,1,0,CCLE_Omics,1
FKTN--TMEM38B,1,0,CCLE_Omics,1
FLNA--GAPDH,1,0,CCLE_Omics,1
FLNA--GSTP1,1,0,CCLE_Omics,1
FLNA--KRT8,1,0,CCLE_Omics,1
FLNA--MT-ATP6,1,0,CCLE_Omics,1
FLNA--MT-ND4L,1,0,CCLE_Omics,1
FLNA--RBBP6,1,0,CCLE_Omics,1
FLNA--RPL10,1,0,CCLE_Omics,1
FLNB--MT-ND5,1,0,CCLE_Omics,1
FLNB--SLMAP,1,0,CCLE_Omics,1
FN1--GOLGA4,1,0,CCLE_Omics,1
FN1--HNRNPA2B1,1,0,CCLE_Omics,1
FN1--HSPD1,1,0,CCLE_Omics,1
FN1--LDHA,1,0,CCLE_Omics,1
FN1--LRP1,1,0,CCLE_Omics,1
FN1--LRPPRC,1,0,CCLE_Omics,1
FN1--MALAT1,1,0,CCLE_Omics,1
FN1--MT-ATP6,1,0,CCLE_Omics,1
FN1--MT-CO1,1,0,CCLE_Omics,1
FN1--MT-CO2,1,0,CCLE_Omics,1
FN1--MT-ND4,1,0,CCLE_Omics,1
FN1--MT-ND4L,1,0,CCLE_Omics,1
FN1--MT-ND5,1,0,CCLE_Omics,1
FN1--NCL,1,0,CCLE_Omics,1
FN1--NPM1,1,0,CCLE_Omics,1
FN1--PABPC1,1,0,CCLE_Omics,1
FN1--PDIA6,1,0,CCLE_Omics,1
FN1--PKM,1,0,CCLE_Omics,1
FN1--RPL10,1,0,CCLE_Omics,1
FN1--RPL10P9,1,0,CCLE_Omics,1
FN1--RPL31,1,0,CCLE_Omics,1
FN1--RPL37A,1,0,CCLE_Omics,1
FN1--RPL4,1,0,CCLE_Omics,1
FN1--RPLP1,1,0,CCLE_Omics,1
FN1--RPS20,1,0,CCLE_Omics,1
FN1--RPS3A,1,0,CCLE_Omics,1
FN1--RPS6,1,0,CCLE_Omics,1
FN1--RPS8,1,0,CCLE_Omics,1
FN3KRP--FOXK2,1,0,CCLE_Omics,1
FNDC3A--ZC3H13,1,0,CCLE_Omics,1
FOCAD--MTAP,1,0,CCLE_Omics,1
FOS--MT-CO1,1,0,CCLE_Omics,1
FOSL1--MT-ATP6,1,0,CCLE_Omics,1
FOSL1--MT-ND1,1,0,CCLE_Omics,1
FOSL2--MRPL33,1,0,CCLE_Omics,1
FOXN3--MT-ND5,1,0,CCLE_Omics,1
FOXO1--MRPS31,1,0,CCLE_Omics,1
FRS2--NUP107,1,0,CCLE_Omics,1
FRS2--RAB3IP,1,0,CCLE_Omics,1
FRYL--OCIAD2,1,0,CCLE_Omics,1
FSD1L--SLC44A1,1,0,CCLE_Omics,1
FTH1--FTL,1,0,CCLE_Omics,1
FTH1--GSTP1,1,0,CCLE_Omics,1
FTH1--HSPA8,1,0,CCLE_Omics,1
FTH1--HSPD1,1,0,CCLE_Omics,1
FTH1--KRT18,1,0,CCLE_Omics,1
FTH1--LDHA,1,0,CCLE_Omics,1
FTH1--MT-ATP6,1,0,CCLE_Omics,1
FTH1--MT-ATP8,1,0,CCLE_Omics,1
FTH1--MT-CO1,1,0,CCLE_Omics,1
FTH1--MT-CO2,1,0,CCLE_Omics,1
FTH1--MT-CO3,1,0,CCLE_Omics,1
FTH1--MT-CYB,1,0,CCLE_Omics,1
FTH1--MT-ND2,1,0,CCLE_Omics,1
FTH1--PKM,1,0,CCLE_Omics,1
FTH1--PPP4C,1,0,CCLE_Omics,1
FTH1--RPL28,1,0,CCLE_Omics,1
FTH1--RPS28,1,0,CCLE_Omics,1
FTH1--RPS28P7,1,0,CCLE_Omics,1
FTH1--RPS9,1,0,CCLE_Omics,1
FTH1--S100A6,1,0,CCLE_Omics,1
FTH1--SFPQ,1,0,CCLE_Omics,1
FTH1--SH3BP4,1,0,CCLE_Omics,1
FTH1--TFDP1,1,0,CCLE_Omics,1
FTH1--TPM2,1,0,CCLE_Omics,1
FTH1--TUBB,1,0,CCLE_Omics,1
FTH1--TUBB4B,1,0,CCLE_Omics,1
FTH1--VIM,1,0,CCLE_Omics,1
FTH1--ZFAS1,1,0,CCLE_Omics,1
FTH1--ZMPSTE24,1,0,CCLE_Omics,1
FTL--FTLP19,1,0,CCLE_Omics,1
FTL--GAPDH,1,0,CCLE_Omics,1
FTL--HMGB1,1,0,CCLE_Omics,1
FTL--HNRNPA2B1,1,0,CCLE_Omics,1
FTL--HSPA8,1,0,CCLE_Omics,1
FTL--IGF2,1,0,CCLE_Omics,1
FTL--KRT8,1,0,CCLE_Omics,1
FTL--MT-ATP6,1,0,CCLE_Omics,1
FTL--MT-ATP8,1,0,CCLE_Omics,1
FTL--MT-CO1,1,0,CCLE_Omics,1
FTL--MT-ND1,1,0,CCLE_Omics,1
FTL--MT-ND4,1,0,CCLE_Omics,1
FTL--RPL22,1,0,CCLE_Omics,1
FTL--RPL39,1,0,CCLE_Omics,1
FTL--RPS18,1,0,CCLE_Omics,1
FTL--S100P,1,0,CCLE_Omics,1
FTL--SENP3-EIF4A1,1,0,CCLE_Omics,1
FUBP1--USP33,1,0,CCLE_Omics,1
FUS--HNRNPK,1,0,CCLE_Omics,1
FUS--POLE,1,0,CCLE_Omics,1
FUS--SF1,1,0,CCLE_Omics,1
FXYD5--MT-RNR2,1,0,CCLE_Omics,1
FYB1--RICTOR,1,0,CCLE_Omics,1
FYN--HDAC2,1,0,CCLE_Omics,1
FYN--MT-CYB,1,0,CCLE_Omics,1
FYN--REV3L,1,0,CCLE_Omics,1
G6PD--MT-CO1,1,0,CCLE_Omics,1
G6PD--PLBD2,1,0,CCLE_Omics,1
GAA--GAPDH,1,0,CCLE_Omics,1
GAB2--NARS2,1,0,CCLE_Omics,1
GABPA--TOP1,1,0,CCLE_Omics,1
GABPB1--TCF12,1,0,CCLE_Omics,1
GALNT10--GEMIN5,1,0,CCLE_Omics,1
GALNT18--MARCHF6,1,0,CCLE_Omics,1
GALNT2--TPT1,1,0,CCLE_Omics,1
GALNT2--URB2,1,0,CCLE_Omics,1
GAPDH--GAPDHP32,1,0,CCLE_Omics,1
GAPDH--GNB1,1,0,CCLE_Omics,1
GAPDH--HMGA1,1,0,CCLE_Omics,1
GAPDH--HSPA8,1,0,CCLE_Omics,1
GAPDH--HSPA9,1,0,CCLE_Omics,1
GAPDH--KIF1C,1,0,CCLE_Omics,1
GAPDH--KRT18,1,0,CCLE_Omics,1
GAPDH--LDHA,1,0,CCLE_Omics,1
GAPDH--MSN,1,0,CCLE_Omics,1
GAPDH--MT-ATP8,1,0,CCLE_Omics,1
GAPDH--MT-CO1,1,0,CCLE_Omics,1
GAPDH--MT-CO2,1,0,CCLE_Omics,1
GAPDH--MT-CO3,1,0,CCLE_Omics,1
GAPDH--MT-ND1,1,0,CCLE_Omics,1
GAPDH--MT-ND4,1,0,CCLE_Omics,1
GAPDH--MT-ND4L,1,0,CCLE_Omics,1
GAPDH--MT-ND5,1,0,CCLE_Omics,1
GAPDH--MT2A,1,0,CCLE_Omics,1
GAPDH--MTHFR,1,0,CCLE_Omics,1
GAPDH--MYH9,1,0,CCLE_Omics,1
GAPDH--NAPRT,1,0,CCLE_Omics,1
GAPDH--NCL,1,0,CCLE_Omics,1
GAPDH--PDIA4,1,0,CCLE_Omics,1
GAPDH--PKM,1,0,CCLE_Omics,1
GAPDH--POLR2A,1,0,CCLE_Omics,1
GAPDH--PSAP,1,0,CCLE_Omics,1
GAPDH--RPL10,1,0,CCLE_Omics,1
GAPDH--RPL18,1,0,CCLE_Omics,1
GAPDH--RPL21,1,0,CCLE_Omics,1
GAPDH--RPL3,1,0,CCLE_Omics,1
GAPDH--RPL5,1,0,CCLE_Omics,1
GAPDH--RPS15A,1,0,CCLE_Omics,1
GAPDH--RPS18,1,0,CCLE_Omics,1
GAPDH--RPS2,1,0,CCLE_Omics,1
GAPDH--RPS24,1,0,CCLE_Omics,1
GAPDH--RPSA,1,0,CCLE_Omics,1
GAPDH--SDC1,1,0,CCLE_Omics,1
GAPDH--SRRM2,1,0,CCLE_Omics,1
GAPDH--SZT2,1,0,CCLE_Omics,1
GAPDH--TCF20,1,0,CCLE_Omics,1
GAPDH--TSPO,1,0,CCLE_Omics,1
GAPDH--TUBA1A,1,0,CCLE_Omics,1
GAPDH--VPS37C,1,0,CCLE_Omics,1
GAPDH--YWHAH,1,0,CCLE_Omics,1
GAPDHP1--MT-ND4,1,0,CCLE_Omics,1
GAPDHP1--MT-ND4L,1,0,CCLE_Omics,1
GAPDHP1--RPS18,1,0,CCLE_Omics,1
GAS5--RPL12,1,0,CCLE_Omics,1
GAS5--RPL27A,1,0,CCLE_Omics,1
GAS5--RPLP0,1,0,CCLE_Omics,1
GAS6--RASA3,1,0,CCLE_Omics,1
GATAD2A--MT-ND4,1,0,CCLE_Omics,1
GATC--MT-ATP6,1,0,CCLE_Omics,1
GCN1--MSI1,1,0,CCLE_Omics,1
GCN1--NEAT1,1,0,CCLE_Omics,1
GDAP1--MIR2052HG,1,0,CCLE_Omics,1
GDI1--MT-CO2,1,0,CCLE_Omics,1
GDPD5--RPS3,1,0,CCLE_Omics,1
GEMIN2--PNN,1,0,CCLE_Omics,1
GFPT1--NFU1,1,0,CCLE_Omics,1
GHITM--MT-CO1,1,0,CCLE_Omics,1
GINS1--NINL,1,0,CCLE_Omics,1
GKAP1--UBQLN1,1,0,CCLE_Omics,1
GLE1--SPTAN1,1,0,CCLE_Omics,1
GLG1--RFWD3,1,0,CCLE_Omics,1
GLG1--WDR59,1,0,CCLE_Omics,1
GLYR1--MT-ATP6,1,0,CCLE_Omics,1
GMDS--GMDS-DT,1,0,CCLE_Omics,1
GNAI2--MYH9,1,0,CCLE_Omics,1
GNAS--HMGN2,1,0,CCLE_Omics,1
GNAS--HNRNPA2B1,1,0,CCLE_Omics,1
GNAS--HNRNPDL,1,0,CCLE_Omics,1
GNAS--HNRNPK,1,0,CCLE_Omics,1
GNAS--HSP90AA1,1,0,CCLE_Omics,1
GNAS--HSPA8,1,0,CCLE_Omics,1
GNAS--JAKMIP2,1,0,CCLE_Omics,1
GNAS--LDHA,1,0,CCLE_Omics,1
GNAS--MATR3,1,0,CCLE_Omics,1
GNAS--MIR302CHG,1,0,CCLE_Omics,1
GNAS--MYL6,1,0,CCLE_Omics,1
GNAS--NUCKS1,1,0,CCLE_Omics,1
GNAS--PKM,1,0,CCLE_Omics,1
GNAS--RAD51C,1,0,CCLE_Omics,1
GNAS--RCC1,1,0,CCLE_Omics,1
GNAS--RNF213,1,0,CCLE_Omics,1
GNAS--RNVU1-14,1,0,CCLE_Omics,1
GNAS--RPL10,1,0,CCLE_Omics,1
GNAS--RPL31,1,0,CCLE_Omics,1
GNAS--RPL39,1,0,CCLE_Omics,1
GNAS--RPL5,1,0,CCLE_Omics,1
GNAS--RPL7,1,0,CCLE_Omics,1
GNAS--RPS20,1,0,CCLE_Omics,1
GNAS--SCRN1,1,0,CCLE_Omics,1
GNAS--SF1,1,0,CCLE_Omics,1
GNAS--SNHG29,1,0,CCLE_Omics,1
GNAS--SNHG3,1,0,CCLE_Omics,1
GNAS--SRF,1,0,CCLE_Omics,1
GNAS--TUBA1B,1,0,CCLE_Omics,1
GNAS--TYMS,1,0,CCLE_Omics,1
GNAS--UBE2Z,1,0,CCLE_Omics,1
GNAS--VAPB,1,0,CCLE_Omics,1
GNAS--VIM,1,0,CCLE_Omics,1
GNAS--WDR6,1,0,CCLE_Omics,1
GNAS--YWHAE,1,0,CCLE_Omics,1
GNAS--YWHAQ,1,0,CCLE_Omics,1
GNAS--ZNF519,1,0,CCLE_Omics,1
GNB1--RCC1,1,0,CCLE_Omics,1
GNB1--SNHG3,1,0,CCLE_Omics,1
GNB1L--TXNRD2,1,0,CCLE_Omics,1
GNB5--MT-ATP6,1,0,CCLE_Omics,1
GNG10--PTGR1,1,0,CCLE_Omics,1
GOLGA4--MLH1,1,0,CCLE_Omics,1
GOLGA4--SREK1IP1,1,0,CCLE_Omics,1
GOLGA8A--MT-CYB,1,0,CCLE_Omics,1
GOLPH3--ZFR,1,0,CCLE_Omics,1
GOT2--MT-CO2,1,0,CCLE_Omics,1
GPATCH8--LSM12,1,0,CCLE_Omics,1
GPBP1L1--NASP,1,0,CCLE_Omics,1
GPC1--RPL28,1,0,CCLE_Omics,1
GPD2--LINC01876,1,0,CCLE_Omics,1
GPHN--RAD51B,1,0,CCLE_Omics,1
GPI--SRGN,1,0,CCLE_Omics,1
GPN1--MRPL33,1,0,CCLE_Omics,1
GPR107--HNRNPK,1,0,CCLE_Omics,1
GPR89A--RNF115,1,0,CCLE_Omics,1
GRAMD4--TBC1D22A,1,0,CCLE_Omics,1
GRK2--RPA2,1,0,CCLE_Omics,1
GSDMD--RPL10A,1,0,CCLE_Omics,1
GSKIP--PAPOLA,1,0,CCLE_Omics,1
GSTP1--ITGB3BP,1,0,CCLE_Omics,1
GSTP1--MT-ATP6,1,0,CCLE_Omics,1
GSTP1--VIM,1,0,CCLE_Omics,1
GTF2E2--PPP2CB,1,0,CCLE_Omics,1
GTF2H2--NAIP,1,0,CCLE_Omics,1
GTF2H5--SERAC1,1,0,CCLE_Omics,1
GTF2H5--TULP4,1,0,CCLE_Omics,1
GTF2I--GTF2IRD1,1,0,CCLE_Omics,1
GTPBP1--MT-CO1,1,0,CCLE_Omics,1
H19--MT-ND4,1,0,CCLE_Omics,1
H19--RPL8,1,0,CCLE_Omics,1
H2AZ1--RPL31,1,0,CCLE_Omics,1
H2AZ2--PPIA,1,0,CCLE_Omics,1
HAND2-AS1--LINC02269,1,0,CCLE_Omics,1
HAUS6P1--HAUS6P3,1,0,CCLE_Omics,1
HAX1--PSMA7,1,0,CCLE_Omics,1
HBG1--MT-CO1,1,0,CCLE_Omics,1
HDGF--S100A10,1,0,CCLE_Omics,1
HDGF--SLC25A6,1,0,CCLE_Omics,1
HDLBP--MT-ND1,1,0,CCLE_Omics,1
HDLBP--STK25,1,0,CCLE_Omics,1
HEATR5A--HECTD1,1,0,CCLE_Omics,1
HECTD4--NAA25,1,0,CCLE_Omics,1
HELLS--MIR302CHG,1,0,CCLE_Omics,1
HERC1--ZNF609,1,0,CCLE_Omics,1
HIBADH--JAZF1,1,0,CCLE_Omics,1
HIBADH--TAX1BP1,1,0,CCLE_Omics,1
HIF1A--PRKCH,1,0,CCLE_Omics,1
HIKESHI--PICALM,1,0,CCLE_Omics,1
HIPK2--MT-RNR2,1,0,CCLE_Omics,1
HIRA--UFD1,1,0,CCLE_Omics,1
HK1--TSPAN15,1,0,CCLE_Omics,1
HLA-A--MT-ND4,1,0,CCLE_Omics,1
HLA-A--RPL13,1,0,CCLE_Omics,1
HLA-B--RPL3,1,0,CCLE_Omics,1
HLA-C--LAMA5,1,0,CCLE_Omics,1
HM13--TPX2,1,0,CCLE_Omics,1
HMG20A--PEAK1,1,0,CCLE_Omics,1
HMGA1--JUND,1,0,CCLE_Omics,1
HMGA1--MT-ND2,1,0,CCLE_Omics,1
HMGA1--MT-ND4,1,0,CCLE_Omics,1
HMGA1--MT-ND4L,1,0,CCLE_Omics,1
HMGA1--RBPMS,1,0,CCLE_Omics,1
HMGA2--MSRB3,1,0,CCLE_Omics,1
HMGB1--P2RY8,1,0,CCLE_Omics,1
HMGB1--PTMA,1,0,CCLE_Omics,1
HMGB1--RCC1,1,0,CCLE_Omics,1
HMGB1--RPL23A,1,0,CCLE_Omics,1
HMGB1--SNHG29,1,0,CCLE_Omics,1
HMGB1--SPTBN1,1,0,CCLE_Omics,1
HMGB1--TAF15,1,0,CCLE_Omics,1
HMGB1--ZFAS1,1,0,CCLE_Omics,1
HMGB2--PTMA,1,0,CCLE_Omics,1
HMGN1--PSAP,1,0,CCLE_Omics,1
HMGN2--KRT8,1,0,CCLE_Omics,1
HMGN2--LUC7L2,1,0,CCLE_Omics,1
HMGN2--RPL10P16,1,0,CCLE_Omics,1
HMGN3--PHIP,1,0,CCLE_Omics,1
HNRNPA1--RPL8,1,0,CCLE_Omics,1
HNRNPA1--VIM,1,0,CCLE_Omics,1
HNRNPA2B1--HSP90AA1,1,0,CCLE_Omics,1
HNRNPA2B1--HSP90AB1,1,0,CCLE_Omics,1
HNRNPA2B1--PPIA,1,0,CCLE_Omics,1
HNRNPA2B1--PTMA,1,0,CCLE_Omics,1
HNRNPA2B1--RACK1,1,0,CCLE_Omics,1
HNRNPA2B1--RAD21,1,0,CCLE_Omics,1
HNRNPA2B1--RPL12,1,0,CCLE_Omics,1
HNRNPA2B1--RPL13A,1,0,CCLE_Omics,1
HNRNPA2B1--RPL28,1,0,CCLE_Omics,1
HNRNPA2B1--RPL4,1,0,CCLE_Omics,1
HNRNPA2B1--RPL5,1,0,CCLE_Omics,1
HNRNPA2B1--RPLP1,1,0,CCLE_Omics,1
HNRNPA2B1--RPS16,1,0,CCLE_Omics,1
HNRNPA2B1--RPS18,1,0,CCLE_Omics,1
HNRNPA2B1--RPS25,1,0,CCLE_Omics,1
HNRNPA2B1--SENP3-EIF4A1,1,0,CCLE_Omics,1
HNRNPA2B1--STAG2,1,0,CCLE_Omics,1
HNRNPA3--MYL12A,1,0,CCLE_Omics,1
HNRNPA3--NAP1L1,1,0,CCLE_Omics,1
HNRNPAB--MXD3,1,0,CCLE_Omics,1
HNRNPC--RPL22,1,0,CCLE_Omics,1
HNRNPC--STXBP6,1,0,CCLE_Omics,1
HNRNPC--UBR5,1,0,CCLE_Omics,1
HNRNPD--MT-ND6,1,0,CCLE_Omics,1
HNRNPD--RPS3,1,0,CCLE_Omics,1
HNRNPH1--MT-CYB,1,0,CCLE_Omics,1
HNRNPH1--UBC,1,0,CCLE_Omics,1
HNRNPK--MT-ND4,1,0,CCLE_Omics,1
HNRNPK--RPS6,1,0,CCLE_Omics,1
HNRNPK--UBQLN1,1,0,CCLE_Omics,1
HNRNPL--MT-CO2,1,0,CCLE_Omics,1
HNRNPR--RPS10-NUDT3,1,0,CCLE_Omics,1
HNRNPR--UBB,1,0,CCLE_Omics,1
HNRNPUL1--MT-CO1,1,0,CCLE_Omics,1
HNRNPUL1--MT-CO2,1,0,CCLE_Omics,1
HNRNPUL2-BSCL2--LBHD1,1,0,CCLE_Omics,1
HOOK2--PKM,1,0,CCLE_Omics,1
HP1BP3--PPIA,1,0,CCLE_Omics,1
HS2ST1--SELENOF,1,0,CCLE_Omics,1
HSD17B4--TNFAIP8,1,0,CCLE_Omics,1
HSDL2--KIAA1958,1,0,CCLE_Omics,1
HSP90AA1--HSP90AB3P,1,0,CCLE_Omics,1
HSP90AA1--HSPD1,1,0,CCLE_Omics,1
HSP90AA1--LDHA,1,0,CCLE_Omics,1
HSP90AA1--NAP1L1,1,0,CCLE_Omics,1
HSP90AA1--NME1-NME2,1,0,CCLE_Omics,1
HSP90AA1--PSAP,1,0,CCLE_Omics,1
HSP90AA1--PTMA,1,0,CCLE_Omics,1
HSP90AA1--RPL13,1,0,CCLE_Omics,1
HSP90AA1--RPL4,1,0,CCLE_Omics,1
HSP90AA1--RPL9,1,0,CCLE_Omics,1
HSP90AA1--RPS6KA3,1,0,CCLE_Omics,1
HSP90AA1--SET,1,0,CCLE_Omics,1
HSP90AA1--SLC25A3,1,0,CCLE_Omics,1
HSP90AA1--SMARCA5,1,0,CCLE_Omics,1
HSP90AA1--VIM,1,0,CCLE_Omics,1
HSP90AB1--HSPD1,1,0,CCLE_Omics,1
HSP90AB1--IGFBP4,1,0,CCLE_Omics,1
HSP90AB1--ITM2B,1,0,CCLE_Omics,1
HSP90AB1--MT-CO3,1,0,CCLE_Omics,1
HSP90AB1--MT-ND4,1,0,CCLE_Omics,1
HSP90AB1--MYL12B,1,0,CCLE_Omics,1
HSP90AB1--MYL6,1,0,CCLE_Omics,1
HSP90AB1--POLA1,1,0,CCLE_Omics,1
HSP90AB1--PTMA,1,0,CCLE_Omics,1
HSP90AB1--RPL10A,1,0,CCLE_Omics,1
HSP90AB1--RPL23,1,0,CCLE_Omics,1
HSP90AB1--RPL4,1,0,CCLE_Omics,1
HSP90AB1--RPL5,1,0,CCLE_Omics,1
HSP90AB1--RPLP1,1,0,CCLE_Omics,1
HSP90AB1--RPS18,1,0,CCLE_Omics,1
HSP90AB1--RPS3,1,0,CCLE_Omics,1
HSP90AB1--RTL8C,1,0,CCLE_Omics,1
HSP90AB1--TPT1,1,0,CCLE_Omics,1
HSP90AB1--TUBA1B,1,0,CCLE_Omics,1
HSP90AB1--UBC,1,0,CCLE_Omics,1
HSP90AB1--VIM,1,0,CCLE_Omics,1
HSP90AB3P--HSP90B1,1,0,CCLE_Omics,1
HSP90B1--HSPA5,1,0,CCLE_Omics,1
HSP90B1--TUBA1B,1,0,CCLE_Omics,1
HSP90B1--TXNRD1,1,0,CCLE_Omics,1
HSPA1A--MT-CO1,1,0,CCLE_Omics,1
HSPA5--NQO1,1,0,CCLE_Omics,1
HSPA5--RPL12,1,0,CCLE_Omics,1
HSPA8--PMEL,1,0,CCLE_Omics,1
HSPA8--RPL10,1,0,CCLE_Omics,1
HSPA8--RPL10P16,1,0,CCLE_Omics,1
HSPA8--RPL10P9,1,0,CCLE_Omics,1
HSPA8--RPL23A,1,0,CCLE_Omics,1
HSPA8--SLC25A5,1,0,CCLE_Omics,1
HSPA8--SNHG29,1,0,CCLE_Omics,1
HSPA8--TBC1D2,1,0,CCLE_Omics,1
HSPA9--MATR3,1,0,CCLE_Omics,1
HSPA9--RCC1,1,0,CCLE_Omics,1
HSPA9--RPS3,1,0,CCLE_Omics,1
HSPB1--KRT19,1,0,CCLE_Omics,1
HSPD1--ORC1,1,0,CCLE_Omics,1
HSPD1--PTMA,1,0,CCLE_Omics,1
HSPD1--RPL38,1,0,CCLE_Omics,1
HSPD1--RPLP0,1,0,CCLE_Omics,1
HSPD1--RPS14,1,0,CCLE_Omics,1
HSPD1--S100A14,1,0,CCLE_Omics,1
HUWE1--MT-CO3,1,0,CCLE_Omics,1
HUWE1--MT-ND1,1,0,CCLE_Omics,1
HUWE1--MT-ND2,1,0,CCLE_Omics,1
HYOU1--RPL28,1,0,CCLE_Omics,1
IARS1--RPL7A,1,0,CCLE_Omics,1
ICAM1--MT-ND4,1,0,CCLE_Omics,1
ID3--MT-ATP6,1,0,CCLE_Omics,1
ID3--MT-ATP8,1,0,CCLE_Omics,1
IER2--MT-ND2,1,0,CCLE_Omics,1
IER3--KRT18,1,0,CCLE_Omics,1
IER3--MT-RNR2,1,0,CCLE_Omics,1
IER3-AS1--MT-ATP6,1,0,CCLE_Omics,1
IFI27--MT-ND4L,1,0,CCLE_Omics,1
IGF2--MT-ATP8,1,0,CCLE_Omics,1
IGF2--MT-CO1,1,0,CCLE_Omics,1
IGF2--MT-CO2,1,0,CCLE_Omics,1
IGF2--MT-ND4,1,0,CCLE_Omics,1
IGF2--MT-ND4L,1,0,CCLE_Omics,1
IGF2--MT-ND5,1,0,CCLE_Omics,1
IGF2--RPL27,1,0,CCLE_Omics,1
IGF2BP1--UBE2Z,1,0,CCLE_Omics,1
IGF2BP2--RPL23A,1,0,CCLE_Omics,1
IGFBP2--MT-CO1,1,0,CCLE_Omics,1
IGFBP2--PPIA,1,0,CCLE_Omics,1
IGFBP4--MT-ATP6,1,0,CCLE_Omics,1
IGFBP4--MT-ND4,1,0,CCLE_Omics,1
IGFBP4--NPM1,1,0,CCLE_Omics,1
IGFBP4--RPS5,1,0,CCLE_Omics,1
IGFBP5--MT-ATP8,1,0,CCLE_Omics,1
IGFBP5--MT-CO1,1,0,CCLE_Omics,1
IGFBP5--MT-CYB,1,0,CCLE_Omics,1
IGHM--MT-CO3,1,0,CCLE_Omics,1
IGHM--MT-ND4,1,0,CCLE_Omics,1
IGLC2--MT-ND4,1,0,CCLE_Omics,1
IGLC7--MGAT5,1,0,CCLE_Omics,1
IGLC7--PVT1,1,0,CCLE_Omics,1
IGLV2-23--MT-ATP8,1,0,CCLE_Omics,1
ILF2--RPLP0,1,0,CCLE_Omics,1
ILF3--MT-CO1,1,0,CCLE_Omics,1
ILF3--TMSB4X,1,0,CCLE_Omics,1
IMPDH2--RPS24,1,0,CCLE_Omics,1
IMPG1--MYO6,1,0,CCLE_Omics,1
INCA1--KIF1C,1,0,CCLE_Omics,1
INF2--MT-RNR2,1,0,CCLE_Omics,1
INO80B-WBP1--WDR54,1,0,CCLE_Omics,1
INPP4B--TBCK,1,0,CCLE_Omics,1
INPP5B--SF3A3,1,0,CCLE_Omics,1
INSIG1--MT-ATP6,1,0,CCLE_Omics,1
IPO7--RAB10,1,0,CCLE_Omics,1
IPO7--ZNF143,1,0,CCLE_Omics,1
IPO9--TIMM17A,1,0,CCLE_Omics,1
IQGAP1--ZNF774,1,0,CCLE_Omics,1
IRF2BP2--PTMA,1,0,CCLE_Omics,1
ISG15--MKNK2,1,0,CCLE_Omics,1
ISG15--UBC,1,0,CCLE_Omics,1
ITCH--RALY,1,0,CCLE_Omics,1
ITGA3--MT-ATP8,1,0,CCLE_Omics,1
ITGA4--LINC01934,1,0,CCLE_Omics,1
ITGA6--PPIG,1,0,CCLE_Omics,1
ITGB1--VIM,1,0,CCLE_Omics,1
ITGB3BP--RCC1,1,0,CCLE_Omics,1
ITGB3BP--SNHG29,1,0,CCLE_Omics,1
ITGB3BP--SNHG3,1,0,CCLE_Omics,1
ITM2B--MT-ND4,1,0,CCLE_Omics,1
ITM2C--MT-CO1,1,0,CCLE_Omics,1
IVD--KNSTRN,1,0,CCLE_Omics,1
JUP--MT-CO3,1,0,CCLE_Omics,1
JUP--POLR2A,1,0,CCLE_Omics,1
KANK2--RASSF3,1,0,CCLE_Omics,1
KANK2--RGL3,1,0,CCLE_Omics,1
KANSL1--LRRC37B,1,0,CCLE_Omics,1
KANSL1--MAPK8IP1P2,1,0,CCLE_Omics,1
KATNAL1--ZC3H13,1,0,CCLE_Omics,1
KCNK9--TRAPPC9,1,0,CCLE_Omics,1
KDM2A--MT-RNR2,1,0,CCLE_Omics,1
KDM2A--SSH3,1,0,CCLE_Omics,1
KDM3A--RTN4,1,0,CCLE_Omics,1
KDM4B--UHRF1,1,0,CCLE_Omics,1
KHDRBS1--KPNA6,1,0,CCLE_Omics,1
KHSRP--MT-CO2,1,0,CCLE_Omics,1
KIF15--ZNF501,1,0,CCLE_Omics,1
KIF1A--MT-ND4,1,0,CCLE_Omics,1
KIF1B--UBE4B,1,0,CCLE_Omics,1
KIZ--SNHG16,1,0,CCLE_Omics,1
KLF10--MT-RNR2,1,0,CCLE_Omics,1
KLF10--YWHAZ,1,0,CCLE_Omics,1
KLF5--PIBF1,1,0,CCLE_Omics,1
KLHL20--RABGAP1L,1,0,CCLE_Omics,1
KLK11--MT-RNR2,1,0,CCLE_Omics,1
KLRG1--LINC00987,1,0,CCLE_Omics,1
KMT2A--UBE4A,1,0,CCLE_Omics,1
KPNA6--TXLNA,1,0,CCLE_Omics,1
KRT18--LGALS3BP,1,0,CCLE_Omics,1
KRT18--MT-ND4,1,0,CCLE_Omics,1
KRT18--MT-ND5,1,0,CCLE_Omics,1
KRT18--PA2G4,1,0,CCLE_Omics,1
KRT18--RPL8,1,0,CCLE_Omics,1
KRT18--RPS23,1,0,CCLE_Omics,1
KRT18--S100A6,1,0,CCLE_Omics,1
KRT18--VIM,1,0,CCLE_Omics,1
KRT19--KRT8,1,0,CCLE_Omics,1
KRT19--MT-CO1,1,0,CCLE_Omics,1
KRT19--MYL6,1,0,CCLE_Omics,1
KRT19--RPS17,1,0,CCLE_Omics,1
KRT7--LINC00592,1,0,CCLE_Omics,1
KRT7--MT-ATP8,1,0,CCLE_Omics,1
KRT7--MT-CO3,1,0,CCLE_Omics,1
KRT7--MT-RNR2,1,0,CCLE_Omics,1
KRT7--PPIA,1,0,CCLE_Omics,1
KRT7--RPL7A,1,0,CCLE_Omics,1
KRT7--TUBA1C,1,0,CCLE_Omics,1
KRT8--LMNA,1,0,CCLE_Omics,1
KRT8--MT-CO1,1,0,CCLE_Omics,1
KRT8--MT-ND4,1,0,CCLE_Omics,1
KRT8--MT-ND4L,1,0,CCLE_Omics,1
KRT8--MT-ND5,1,0,CCLE_Omics,1
KRT8--MT-RNR2,1,0,CCLE_Omics,1
KRT8--RAB6A,1,0,CCLE_Omics,1
KRT8--RPL4,1,0,CCLE_Omics,1
KRT8--RPS14,1,0,CCLE_Omics,1
KRT8--RPS3,1,0,CCLE_Omics,1
KRT8--TKT,1,0,CCLE_Omics,1
KRT8--VIM,1,0,CCLE_Omics,1
KRT8--ZNF638,1,0,CCLE_Omics,1
L1TD1--SRP9,1,0,CCLE_Omics,1
LAMB3--MT-ND5,1,0,CCLE_Omics,1
LAMP1--MT-CO2,1,0,CCLE_Omics,1
LAMP1--PKM,1,0,CCLE_Omics,1
LAPTM4B--MTDH,1,0,CCLE_Omics,1
LARS2--LIMD1,1,0,CCLE_Omics,1
LASP1--MT-CYB,1,0,CCLE_Omics,1
LASP1--TRPS1,1,0,CCLE_Omics,1
LATS1--PCMT1,1,0,CCLE_Omics,1
LDHA--LDHC,1,0,CCLE_Omics,1
LDHA--MYH9,1,0,CCLE_Omics,1
LDHA--MYL6,1,0,CCLE_Omics,1
LDHA--RPL12,1,0,CCLE_Omics,1
LDLRAD2--USP48,1,0,CCLE_Omics,1
LDLRAD3--PRR5L,1,0,CCLE_Omics,1
LENG1--RPS9,1,0,CCLE_Omics,1
LENG8--MT-ATP6,1,0,CCLE_Omics,1
LENG8--MT-ND4,1,0,CCLE_Omics,1
LENG8--MT-RNR2,1,0,CCLE_Omics,1
LEO1--TCOF1,1,0,CCLE_Omics,1
LEPROTL1--SET,1,0,CCLE_Omics,1
LGALS1--RPS3,1,0,CCLE_Omics,1
LGMN--MT-CO3,1,0,CCLE_Omics,1
LIMCH1--UCHL1,1,0,CCLE_Omics,1
LIMK1--MT-ND4,1,0,CCLE_Omics,1
LINC00326--RPS12,1,0,CCLE_Omics,1
LINC00536--PVT1,0,1,Breast,1
LINC00536--SAMD12,1,0,CCLE_Omics,1
LINC00847--RACK1,1,0,CCLE_Omics,1
LINC00869--SRGAP2,1,0,CCLE_Omics,1
LINC01033--SNX18,1,0,CCLE_Omics,1
LINC01169--SMAD6,1,0,CCLE_Omics,1
LINC01252--SMIM10L1,1,0,CCLE_Omics,1
LINC01484--LINC01942,1,0,CCLE_Omics,1
LINC01588--NEMF,1,0,CCLE_Omics,1
LINC01661--NCOA3,1,0,CCLE_Omics,1
LINC01709--RPS5,1,0,CCLE_Omics,1
LINC01917--MBD2,1,0,CCLE_Omics,1
LINC02005--UBE2E2,1,0,CCLE_Omics,1
LINC02027--LINC02050,1,0,CCLE_Omics,1
LINC02067--RPL39,1,0,CCLE_Omics,1
LINC02203--ZNF43,1,0,CCLE_Omics,1
LINC02643--NEBL,1,0,CCLE_Omics,1
LLGL2--MT-CO1,1,0,CCLE_Omics,1
LLGL2--RECQL5,1,0,CCLE_Omics,1
LMNA--PSMD14,1,0,CCLE_Omics,1
LMNB1--MT-CO2,1,0,CCLE_Omics,1
LMO4--MT-CO1,1,0,CCLE_Omics,1
LMO7--UCHL3,1,0,CCLE_Omics,1
LRBA--SH3D19,1,0,CCLE_Omics,1
LRCH2--XACT,1,0,CCLE_Omics,1
LRP1--RPS2,1,0,CCLE_Omics,1
LRP5--PPP6R3,1,0,CCLE_Omics,1
LRRC27--PRDX3,1,0,CCLE_Omics,1
LRRC49--THSD4,1,0,CCLE_Omics,1
LRRC59--MT-CO2,1,0,CCLE_Omics,1
LRRFIP1--UBE2F,1,0,CCLE_Omics,1
LRRFIP1--UBE2F-SCLY,1,0,CCLE_Omics,1
LSM4--PGPEP1,1,0,CCLE_Omics,1
LSR--MT-CO1,1,0,CCLE_Omics,1
LSS--MCM3AP,1,0,CCLE_Omics,1
LSS--MCM3AP-AS1,1,0,CCLE_Omics,1
LTBP3--SCYL1,1,0,CCLE_Omics,1
LY6E--MT-CO3,1,0,CCLE_Omics,1
LY6E--S100A6,1,0,CCLE_Omics,1
LYPD5--PLAUR,1,0,CCLE_Omics,1
LYPD6--MMADHC-DT,1,0,CCLE_Omics,1
LYPLAL1--RRP15,1,0,CCLE_Omics,1
LYZ--RPS6,1,0,CCLE_Omics,1
MACF1--RPS27A,1,0,CCLE_Omics,1
MAD1L1--MICALL2,1,0,CCLE_Omics,1
MAD1L1--SNX8,1,0,CCLE_Omics,1
MALAT1--RPL7,1,0,CCLE_Omics,1
MALAT1--RPS19,1,0,CCLE_Omics,1
MALAT1--UBB,1,0,CCLE_Omics,1
MALRD1--MLLT10,1,0,CCLE_Omics,1
MAN1B1--RPS27A,1,0,CCLE_Omics,1
MAN2B1--TNPO2,1,0,CCLE_Omics,1
MAP1B--MT-ND5,1,0,CCLE_Omics,1
MAP4--MT-ATP6,1,0,CCLE_Omics,1
MAP4--SMARCC1,1,0,CCLE_Omics,1
MAP4K3--THUMPD2,1,0,CCLE_Omics,1
MAP7--NHSL1,1,0,CCLE_Omics,1
MAPK9--MT-ND1,1,0,CCLE_Omics,1
MAPKAP1--PBX3,1,0,CCLE_Omics,1
MAPRE1--MT-CO1,1,0,CCLE_Omics,1
MATR3--UBE2D2,1,0,CCLE_Omics,1
MAVS--PANK2,1,0,CCLE_Omics,1
MBD2--STARD6,1,0,CCLE_Omics,1
MBTD1--UTP18,1,0,CCLE_Omics,1
MCL1--RPS6,1,0,CCLE_Omics,1
MCM5--MT-CO2,1,0,CCLE_Omics,1
MDC1--MT-CO3,1,0,CCLE_Omics,1
MDK--RAB5C,1,0,CCLE_Omics,1
MDM2--NUP107,1,0,CCLE_Omics,1
MDM2--SLC35E3,1,0,CCLE_Omics,1
ME1--MYO6,1,0,CCLE_Omics,1
ME1--UBE3D,1,0,CCLE_Omics,1
MECOM--PRKCI,1,0,CCLE_Omics,1
MED29--MT-CO1,1,0,CCLE_Omics,1
MEF2D--PTBP1,1,0,CCLE_Omics,1
MEST--MT-ATP6,1,0,CCLE_Omics,1
METAP1--TSPAN5,1,0,CCLE_Omics,1
METTL23--SNHG16,1,0,CCLE_Omics,1
METTL3--SALL2,1,0,CCLE_Omics,1
METTL8--TLK1,1,0,CCLE_Omics,1
MFGE8--MT-ATP6,1,0,CCLE_Omics,1
MFGE8--MT-CYB,1,0,CCLE_Omics,1
MFSD14B--SUN1,1,0,CCLE_Omics,1
MGA--RTF1,1,0,CCLE_Omics,1
MGAT4B--MT-CO3,1,0,CCLE_Omics,1
MGRN1--MT-RNR2,1,0,CCLE_Omics,1
MINPP1--NUTM2A-AS1,1,0,CCLE_Omics,1
MINPP1--PAPSS2,1,0,CCLE_Omics,1
MIPOL1--TTC6,1,0,CCLE_Omics,1
MIR205HG--MIR302CHG,1,0,CCLE_Omics,1
MIR302CHG--PANK2,1,0,CCLE_Omics,1
MKI67--MT-CO2,1,0,CCLE_Omics,1
MKI67--MYL6,1,0,CCLE_Omics,1
MKI67--RPS24,1,0,CCLE_Omics,1
MLF2--MT-CO2,1,0,CCLE_Omics,1
MLST8--TTC17,1,0,CCLE_Omics,1
MLXIP--MT-ND2,1,0,CCLE_Omics,1
MMP14--MT-ATP8,1,0,CCLE_Omics,1
MMP14--MT-ND4L,1,0,CCLE_Omics,1
MMP19--SARNP,1,0,CCLE_Omics,1
MMP2--MT-ATP8,1,0,CCLE_Omics,1
MMP2--RPS20,1,0,CCLE_Omics,1
MMS19--RRP12,1,0,CCLE_Omics,1
MOB3A--MT-ND1,1,0,CCLE_Omics,1
MON2--USP15,1,0,CCLE_Omics,1
MORF4L2--RPL30,1,0,CCLE_Omics,1
MORF4L2--SAMD12,1,0,CCLE_Omics,1
MORF4L2--YBX1,1,0,CCLE_Omics,1
MPO--MT-CO1,1,0,CCLE_Omics,1
MPO--MT-ND6,1,0,CCLE_Omics,1
MRGBP--OGFR,1,0,CCLE_Omics,1
MRNIP--MT-ND1,1,0,CCLE_Omics,1
MROH1--PVT1,1,0,CCLE_Omics,1
MRPL13--SAMD12,1,0,CCLE_Omics,1
MRPL21--RPL7A,1,0,CCLE_Omics,1
MRPL4--RAVER1,1,0,CCLE_Omics,1
MRPS6--PRMT2,1,0,CCLE_Omics,1
MRPS7--MT-ATP6,1,0,CCLE_Omics,1
MRPS7--RAC1,1,0,CCLE_Omics,1
MRTFA--SLC25A17,1,0,CCLE_Omics,1
MSL1--MT-ATP8,1,0,CCLE_Omics,1
MSL2--STAG1,1,0,CCLE_Omics,1
MSN--MT-ATP6,1,0,CCLE_Omics,1
MSN--MT-ATP8,1,0,CCLE_Omics,1
MSN--MT-CO3,1,0,CCLE_Omics,1
MSN--MT-RNR2,1,0,CCLE_Omics,1
MSN--RPL4,1,0,CCLE_Omics,1
MSN--RPLP0,1,0,CCLE_Omics,1
MT-ATP6--MYADM,1,0,CCLE_Omics,1
MT-ATP6--MYC,1,0,CCLE_Omics,1
MT-ATP6--NECTIN1,1,0,CCLE_Omics,1
MT-ATP6--NFE2L1,1,0,CCLE_Omics,1
MT-ATP6--NOC2L,1,0,CCLE_Omics,1
MT-ATP6--NONO,1,0,CCLE_Omics,1
MT-ATP6--P4HB,1,0,CCLE_Omics,1
MT-ATP6--PEX14,1,0,CCLE_Omics,1
MT-ATP6--PHLDA1,1,0,CCLE_Omics,1
MT-ATP6--PIM1,1,0,CCLE_Omics,1
MT-ATP6--PKM,1,0,CCLE_Omics,1
MT-ATP6--POLR2A,1,0,CCLE_Omics,1
MT-ATP6--PTMA,1,0,CCLE_Omics,1
MT-ATP6--PTMS,1,0,CCLE_Omics,1
MT-ATP6--RAB7A,1,0,CCLE_Omics,1
MT-ATP6--RPL12,1,0,CCLE_Omics,1
MT-ATP6--RPL13A,1,0,CCLE_Omics,1
MT-ATP6--RPL37A,1,0,CCLE_Omics,1
MT-ATP6--RPL8,1,0,CCLE_Omics,1
MT-ATP6--RPN2,1,0,CCLE_Omics,1
MT-ATP6--RPS18,1,0,CCLE_Omics,1
MT-ATP6--RUNX3,1,0,CCLE_Omics,1
MT-ATP6--SF1,1,0,CCLE_Omics,1
MT-ATP6--SLC3A2,1,0,CCLE_Omics,1
MT-ATP6--SNRNP70,1,0,CCLE_Omics,1
MT-ATP6--SPARC,1,0,CCLE_Omics,1
MT-ATP6--ST6GAL1,1,0,CCLE_Omics,1
MT-ATP6--STAU1,1,0,CCLE_Omics,1
MT-ATP6--TAGLN2,1,0,CCLE_Omics,1
MT-ATP6--TCF19,1,0,CCLE_Omics,1
MT-ATP6--TCF3,1,0,CCLE_Omics,1
MT-ATP6--TGFBI,1,0,CCLE_Omics,1
MT-ATP6--TP53I11,1,0,CCLE_Omics,1
MT-ATP6--TPI1,1,0,CCLE_Omics,1
MT-ATP6--TUBA1A,1,0,CCLE_Omics,1
MT-ATP6--TUBA1B,1,0,CCLE_Omics,1
MT-ATP6--TUBA1C,1,0,CCLE_Omics,1
MT-ATP6--TUBB,1,0,CCLE_Omics,1
MT-ATP6--VIM,1,0,CCLE_Omics,1
MT-ATP6--VIM-AS1,1,0,CCLE_Omics,1
MT-ATP6--WBP2,1,0,CCLE_Omics,1
MT-ATP6--YBX1,1,0,CCLE_Omics,1
MT-ATP6--YBX1P1,1,0,CCLE_Omics,1
MT-ATP6--ZNF697,1,0,CCLE_Omics,1
MT-ATP6--ZYX,1,0,CCLE_Omics,1
MT-ATP8--NFE2L1,1,0,CCLE_Omics,1
MT-ATP8--NME4,1,0,CCLE_Omics,1
MT-ATP8--OPTN,1,0,CCLE_Omics,1
MT-ATP8--PKM,1,0,CCLE_Omics,1
MT-ATP8--POLR2A,1,0,CCLE_Omics,1
MT-ATP8--PRR11,1,0,CCLE_Omics,1
MT-ATP8--PRRC2C,1,0,CCLE_Omics,1
MT-ATP8--PSMD1,1,0,CCLE_Omics,1
MT-ATP8--PTMA,1,0,CCLE_Omics,1
MT-ATP8--PTMS,1,0,CCLE_Omics,1
MT-ATP8--QSOX1,1,0,CCLE_Omics,1
MT-ATP8--RAB7A,1,0,CCLE_Omics,1
MT-ATP8--RAE1,1,0,CCLE_Omics,1
MT-ATP8--RIPOR1,1,0,CCLE_Omics,1
MT-ATP8--RPL12,1,0,CCLE_Omics,1
MT-ATP8--RPL13,1,0,CCLE_Omics,1
MT-ATP8--RPL37A,1,0,CCLE_Omics,1
MT-ATP8--RPL8,1,0,CCLE_Omics,1
MT-ATP8--RPN2,1,0,CCLE_Omics,1
MT-ATP8--RPS18,1,0,CCLE_Omics,1
MT-ATP8--RPS6,1,0,CCLE_Omics,1
MT-ATP8--SERPINE1,1,0,CCLE_Omics,1
MT-ATP8--SLC1A5,1,0,CCLE_Omics,1
MT-ATP8--SPINT2,1,0,CCLE_Omics,1
MT-ATP8--ST6GAL1,1,0,CCLE_Omics,1
MT-ATP8--STAU1,1,0,CCLE_Omics,1
MT-ATP8--TAGLN2,1,0,CCLE_Omics,1
MT-ATP8--TPI1,1,0,CCLE_Omics,1
MT-ATP8--TSIX,1,0,CCLE_Omics,1
MT-ATP8--TUBA1B,1,0,CCLE_Omics,1
MT-ATP8--TUBA1C,1,0,CCLE_Omics,1
MT-ATP8--TUBB,1,0,CCLE_Omics,1
MT-ATP8--UBE2H,1,0,CCLE_Omics,1
MT-ATP8--VEGFA,1,0,CCLE_Omics,1
MT-ATP8--VIM,1,0,CCLE_Omics,1
MT-ATP8--WBP2,1,0,CCLE_Omics,1
MT-ATP8--YBX1,1,0,CCLE_Omics,1
MT-ATP8--ZC3H7B,1,0,CCLE_Omics,1
MT-ATP8--ZNF592,1,0,CCLE_Omics,1
MT-CO1--MT2A,1,0,CCLE_Omics,1
MT-CO1--MYH9,1,0,CCLE_Omics,1
MT-CO1--MYL6,1,0,CCLE_Omics,1
MT-CO1--NFE2L1,1,0,CCLE_Omics,1
MT-CO1--NME4,1,0,CCLE_Omics,1
MT-CO1--NOP56,1,0,CCLE_Omics,1
MT-CO1--OAZ1,1,0,CCLE_Omics,1
MT-CO1--P4HB,1,0,CCLE_Omics,1
MT-CO1--PHLDA1,1,0,CCLE_Omics,1
MT-CO1--POLR2A,1,0,CCLE_Omics,1
MT-CO1--PTMA,1,0,CCLE_Omics,1
MT-CO1--PTMS,1,0,CCLE_Omics,1
MT-CO1--PYCR1,1,0,CCLE_Omics,1
MT-CO1--RAPGEF3,1,0,CCLE_Omics,1
MT-CO1--RERE,1,0,CCLE_Omics,1
MT-CO1--RPL12,1,0,CCLE_Omics,1
MT-CO1--RPL13,1,0,CCLE_Omics,1
MT-CO1--RPL31,1,0,CCLE_Omics,1
MT-CO1--RPL36,1,0,CCLE_Omics,1
MT-CO1--RPS12,1,0,CCLE_Omics,1
MT-CO1--RTN3,1,0,CCLE_Omics,1
MT-CO1--S100A4,1,0,CCLE_Omics,1
MT-CO1--SENP3-EIF4A1,1,0,CCLE_Omics,1
MT-CO1--SLC3A2,1,0,CCLE_Omics,1
MT-CO1--SLC7A5,1,0,CCLE_Omics,1
MT-CO1--SNX22,1,0,CCLE_Omics,1
MT-CO1--SPINT2,1,0,CCLE_Omics,1
MT-CO1--SPTBN1,1,0,CCLE_Omics,1
MT-CO1--SQSTM1,1,0,CCLE_Omics,1
MT-CO1--SREBF2,1,0,CCLE_Omics,1
MT-CO1--SUMO2,1,0,CCLE_Omics,1
MT-CO1--SURF4,1,0,CCLE_Omics,1
MT-CO1--TAF15,1,0,CCLE_Omics,1
MT-CO1--TIMP2,1,0,CCLE_Omics,1
MT-CO1--TMEM30A,1,0,CCLE_Omics,1
MT-CO1--TOM1,1,0,CCLE_Omics,1
MT-CO1--TPD52L1,1,0,CCLE_Omics,1
MT-CO1--TPI1,1,0,CCLE_Omics,1
MT-CO1--TPM2,1,0,CCLE_Omics,1
MT-CO1--TPT1,1,0,CCLE_Omics,1
MT-CO1--TSC22D1,1,0,CCLE_Omics,1
MT-CO1--TUBA1A,1,0,CCLE_Omics,1
MT-CO1--TUBA1B,1,0,CCLE_Omics,1
MT-CO1--TUBA1C,1,0,CCLE_Omics,1
MT-CO1--TUBB4B,1,0,CCLE_Omics,1
MT-CO1--USP36,1,0,CCLE_Omics,1
MT-CO1--VIM,1,0,CCLE_Omics,1
MT-CO1--YDJC,1,0,CCLE_Omics,1
MT-CO2--NCL,1,0,CCLE_Omics,1
MT-CO2--PAF1,1,0,CCLE_Omics,1
MT-CO2--PLK1,1,0,CCLE_Omics,1
MT-CO2--PMEL,1,0,CCLE_Omics,1
MT-CO2--POLR2A,1,0,CCLE_Omics,1
MT-CO2--PTMS,1,0,CCLE_Omics,1
MT-CO2--PTPN23,1,0,CCLE_Omics,1
MT-CO2--RAB7A,1,0,CCLE_Omics,1
MT-CO2--RDX,1,0,CCLE_Omics,1
MT-CO2--RPS19,1,0,CCLE_Omics,1
MT-CO2--RPS27A,1,0,CCLE_Omics,1
MT-CO2--RRP1B,1,0,CCLE_Omics,1
MT-CO2--S100A4,1,0,CCLE_Omics,1
MT-CO2--S100A6,1,0,CCLE_Omics,1
MT-CO2--SAP130,1,0,CCLE_Omics,1
MT-CO2--SCD,1,0,CCLE_Omics,1
MT-CO2--SHARPIN,1,0,CCLE_Omics,1
MT-CO2--SLC25A6,1,0,CCLE_Omics,1
MT-CO2--SMG7,1,0,CCLE_Omics,1
MT-CO2--SND1,1,0,CCLE_Omics,1
MT-CO2--SNRNP200,1,0,CCLE_Omics,1
MT-CO2--SSR3,1,0,CCLE_Omics,1
MT-CO2--STIP1,1,0,CCLE_Omics,1
MT-CO2--TKT,1,0,CCLE_Omics,1
MT-CO2--TMEM54,1,0,CCLE_Omics,1
MT-CO2--TMOD3,1,0,CCLE_Omics,1
MT-CO2--TPM2,1,0,CCLE_Omics,1
MT-CO2--TPT1,1,0,CCLE_Omics,1
MT-CO2--TRIOBP,1,0,CCLE_Omics,1
MT-CO2--TUBA1A,1,0,CCLE_Omics,1
MT-CO2--TUBA4A,1,0,CCLE_Omics,1
MT-CO2--TUBB,1,0,CCLE_Omics,1
MT-CO2--TXN,1,0,CCLE_Omics,1
MT-CO2--ZNF207,1,0,CCLE_Omics,1
MT-CO3--NF1,1,0,CCLE_Omics,1
MT-CO3--NOP58,1,0,CCLE_Omics,1
MT-CO3--PA2G4,1,0,CCLE_Omics,1
MT-CO3--PABPC1,1,0,CCLE_Omics,1
MT-CO3--PHLDA1,1,0,CCLE_Omics,1
MT-CO3--PMEL,1,0,CCLE_Omics,1
MT-CO3--POLR2A,1,0,CCLE_Omics,1
MT-CO3--PPIB,1,0,CCLE_Omics,1
MT-CO3--PTBP1,1,0,CCLE_Omics,1
MT-CO3--RACK1,1,0,CCLE_Omics,1
MT-CO3--RBL2,1,0,CCLE_Omics,1
MT-CO3--RBM38,1,0,CCLE_Omics,1
MT-CO3--RPL13,1,0,CCLE_Omics,1
MT-CO3--RPL13P12,1,0,CCLE_Omics,1
MT-CO3--RPLP0,1,0,CCLE_Omics,1
MT-CO3--RPLP1,1,0,CCLE_Omics,1
MT-CO3--RPS3,1,0,CCLE_Omics,1
MT-CO3--RTN4,1,0,CCLE_Omics,1
MT-CO3--SF1,1,0,CCLE_Omics,1
MT-CO3--SLC7A5,1,0,CCLE_Omics,1
MT-CO3--SUN2,1,0,CCLE_Omics,1
MT-CO3--SUPT6H,1,0,CCLE_Omics,1
MT-CO3--TGFB1,1,0,CCLE_Omics,1
MT-CO3--TMEM126B,1,0,CCLE_Omics,1
MT-CO3--TNFRSF14,1,0,CCLE_Omics,1
MT-CO3--TPT1,1,0,CCLE_Omics,1
MT-CO3--TUBA1B,1,0,CCLE_Omics,1
MT-CO3--TUBA1C,1,0,CCLE_Omics,1
MT-CO3--UBALD2,1,0,CCLE_Omics,1
MT-CO3--UGCG,1,0,CCLE_Omics,1
MT-CO3--USP39,1,0,CCLE_Omics,1
MT-CO3--VEGFA,1,0,CCLE_Omics,1
MT-CO3--VIM,1,0,CCLE_Omics,1
MT-CO3--YBX1,1,0,CCLE_Omics,1
MT-CO3--ZFP36L1,1,0,CCLE_Omics,1
MT-CYB--PFN1,1,0,CCLE_Omics,1
MT-CYB--POGK,1,0,CCLE_Omics,1
MT-CYB--PTMS,1,0,CCLE_Omics,1
MT-CYB--RACK1,1,0,CCLE_Omics,1
MT-CYB--RPS27AP16,1,0,CCLE_Omics,1
MT-CYB--SERPINE1,1,0,CCLE_Omics,1
MT-CYB--TGM2,1,0,CCLE_Omics,1
MT-CYB--TKT,1,0,CCLE_Omics,1
MT-CYB--TPM3,1,0,CCLE_Omics,1
MT-CYB--TUBA1B,1,0,CCLE_Omics,1
MT-CYB--USP22,1,0,CCLE_Omics,1
MT-CYB--VMP1,1,0,CCLE_Omics,1
MT-CYB--ZFP36L1,1,0,CCLE_Omics,1
MT-ND1--NBEAL1,1,0,CCLE_Omics,1
MT-ND1--NDST1,1,0,CCLE_Omics,1
MT-ND1--POLR2A,1,0,CCLE_Omics,1
MT-ND1--PYGO2,1,0,CCLE_Omics,1
MT-ND1--RAB5C,1,0,CCLE_Omics,1
MT-ND1--RBM33,1,0,CCLE_Omics,1
MT-ND1--RPL13A,1,0,CCLE_Omics,1
MT-ND1--RPLP0,1,0,CCLE_Omics,1
MT-ND1--RPS11,1,0,CCLE_Omics,1
MT-ND1--RPS6,1,0,CCLE_Omics,1
MT-ND1--SF3B4,1,0,CCLE_Omics,1
MT-ND1--SNRPF,1,0,CCLE_Omics,1
MT-ND1--SREBF1,1,0,CCLE_Omics,1
MT-ND1--TKT,1,0,CCLE_Omics,1
MT-ND1--TNRC6A,1,0,CCLE_Omics,1
MT-ND2--NCOR2,1,0,CCLE_Omics,1
MT-ND2--NDUFC2-KCTD14,1,0,CCLE_Omics,1
MT-ND2--NEAT1,1,0,CCLE_Omics,1
MT-ND2--OCIAD2,1,0,CCLE_Omics,1
MT-ND2--PABPC1,1,0,CCLE_Omics,1
MT-ND2--PCBP2,1,0,CCLE_Omics,1
MT-ND2--POLR2A,1,0,CCLE_Omics,1
MT-ND2--RAB7A,1,0,CCLE_Omics,1
MT-ND2--RGS12,1,0,CCLE_Omics,1
MT-ND2--RPL13,1,0,CCLE_Omics,1
MT-ND2--RPL4,1,0,CCLE_Omics,1
MT-ND2--RPS29,1,0,CCLE_Omics,1
MT-ND2--SAE1,1,0,CCLE_Omics,1
MT-ND2--SHISA5,1,0,CCLE_Omics,1
MT-ND2--SLC39A1,1,0,CCLE_Omics,1
MT-ND2--SPOP,1,0,CCLE_Omics,1
MT-ND2--SRCAP,1,0,CCLE_Omics,1
MT-ND2--TRIM28,1,0,CCLE_Omics,1
MT-ND2--TUBA1B,1,0,CCLE_Omics,1
MT-ND2--TUBA1C,1,0,CCLE_Omics,1
MT-ND2--UBB,1,0,CCLE_Omics,1
MT-ND2--WDR6,1,0,CCLE_Omics,1
MT-ND2--WDR73,1,0,CCLE_Omics,1
MT-ND3--NIPAL3,1,0,CCLE_Omics,1
MT-ND3--NOMO1,1,0,CCLE_Omics,1
MT-ND3--RPL6,1,0,CCLE_Omics,1
MT-ND3--SHMT2,1,0,CCLE_Omics,1
MT-ND3--VIM,1,0,CCLE_Omics,1
MT-ND4--MTCH2,1,0,CCLE_Omics,1
MT-ND4--MYH9,1,0,CCLE_Omics,1
MT-ND4--NCKAP1,1,0,CCLE_Omics,1
MT-ND4--PABPC1,1,0,CCLE_Omics,1
MT-ND4--PCED1A,1,0,CCLE_Omics,1
MT-ND4--PFN1,1,0,CCLE_Omics,1
MT-ND4--PHLDA1,1,0,CCLE_Omics,1
MT-ND4--PKM,1,0,CCLE_Omics,1
MT-ND4--PNRC2,1,0,CCLE_Omics,1
MT-ND4--POLR2A,1,0,CCLE_Omics,1
MT-ND4--RBPMS,1,0,CCLE_Omics,1
MT-ND4--RERE,1,0,CCLE_Omics,1
MT-ND4--RNF217,1,0,CCLE_Omics,1
MT-ND4--RPL4,1,0,CCLE_Omics,1
MT-ND4--RPL8,1,0,CCLE_Omics,1
MT-ND4--RTN4,1,0,CCLE_Omics,1
MT-ND4--SERPINE1,1,0,CCLE_Omics,1
MT-ND4--SERPINE2,1,0,CCLE_Omics,1
MT-ND4--SFRP1,1,0,CCLE_Omics,1
MT-ND4--SLC1A5,1,0,CCLE_Omics,1
MT-ND4--SMARCC2,1,0,CCLE_Omics,1
MT-ND4--STIP1,1,0,CCLE_Omics,1
MT-ND4--STK17A,1,0,CCLE_Omics,1
MT-ND4--TAGLN2,1,0,CCLE_Omics,1
MT-ND4--TKT,1,0,CCLE_Omics,1
MT-ND4--TOB2,1,0,CCLE_Omics,1
MT-ND4--TOX4,1,0,CCLE_Omics,1
MT-ND4--TUBA1A,1,0,CCLE_Omics,1
MT-ND4--TUBA1B,1,0,CCLE_Omics,1
MT-ND4--TUBA1C,1,0,CCLE_Omics,1
MT-ND4--UBE2V1,1,0,CCLE_Omics,1
MT-ND4L--PKM,1,0,CCLE_Omics,1
MT-ND4L--PODXL,1,0,CCLE_Omics,1
MT-ND4L--POLR2L,1,0,CCLE_Omics,1
MT-ND4L--PRKACA,1,0,CCLE_Omics,1
MT-ND4L--PSAP,1,0,CCLE_Omics,1
MT-ND4L--PTGES3,1,0,CCLE_Omics,1
MT-ND4L--RCC2,1,0,CCLE_Omics,1
MT-ND4L--RGP1,1,0,CCLE_Omics,1
MT-ND4L--RPL13,1,0,CCLE_Omics,1
MT-ND4L--RPL13AP5,1,0,CCLE_Omics,1
MT-ND4L--RPLP0,1,0,CCLE_Omics,1
MT-ND4L--RPLP1,1,0,CCLE_Omics,1
MT-ND4L--RPS2,1,0,CCLE_Omics,1
MT-ND4L--SDF4,1,0,CCLE_Omics,1
MT-ND4L--SERINC3,1,0,CCLE_Omics,1
MT-ND4L--SF3A1,1,0,CCLE_Omics,1
MT-ND4L--SF3B2,1,0,CCLE_Omics,1
MT-ND4L--SLC1A5,1,0,CCLE_Omics,1
MT-ND4L--SLC7A5,1,0,CCLE_Omics,1
MT-ND4L--SQLE,1,0,CCLE_Omics,1
MT-ND4L--SULF2,1,0,CCLE_Omics,1
MT-ND4L--TAGLN2,1,0,CCLE_Omics,1
MT-ND4L--TAPBP,1,0,CCLE_Omics,1
MT-ND4L--TGM2,1,0,CCLE_Omics,1
MT-ND4L--TM9SF4,1,0,CCLE_Omics,1
MT-ND4L--TMBIM6,1,0,CCLE_Omics,1
MT-ND4L--TUBA1B,1,0,CCLE_Omics,1
MT-ND4L--TUBA1C,1,0,CCLE_Omics,1
MT-ND4L--UTS2R,1,0,CCLE_Omics,1
MT-ND4L--VAT1,1,0,CCLE_Omics,1
MT-ND4L--ZNF76,1,0,CCLE_Omics,1
MT-ND5--MYO6,1,0,CCLE_Omics,1
MT-ND5--PABPC1,1,0,CCLE_Omics,1
MT-ND5--PFN1,1,0,CCLE_Omics,1
MT-ND5--PRRC2A,1,0,CCLE_Omics,1
MT-ND5--RAB17,1,0,CCLE_Omics,1
MT-ND5--RBM47,1,0,CCLE_Omics,1
MT-ND5--RPL10,1,0,CCLE_Omics,1
MT-ND5--RPL18,1,0,CCLE_Omics,1
MT-ND5--RPLP0,1,0,CCLE_Omics,1
MT-ND5--SCD,1,0,CCLE_Omics,1
MT-ND5--SF1,1,0,CCLE_Omics,1
MT-ND5--SLC25A5,1,0,CCLE_Omics,1
MT-ND5--SLC7A5,1,0,CCLE_Omics,1
MT-ND5--SMAD3,1,0,CCLE_Omics,1
MT-ND5--SRCAP,1,0,CCLE_Omics,1
MT-ND5--SRSF10,1,0,CCLE_Omics,1
MT-ND5--TAGLN2,1,0,CCLE_Omics,1
MT-ND5--TUBA1B,1,0,CCLE_Omics,1
MT-ND5--VIM,1,0,CCLE_Omics,1
MT-ND6--NIPBL,1,0,CCLE_Omics,1
MT-ND6--PABPC1,1,0,CCLE_Omics,1
MT-ND6--PSAP,1,0,CCLE_Omics,1
MT-ND6--RPA1,1,0,CCLE_Omics,1
MT-ND6--RPL11,1,0,CCLE_Omics,1
MT-ND6--SLC7A1,1,0,CCLE_Omics,1
MT-ND6--SNRPB,1,0,CCLE_Omics,1
MT-ND6--SPCS3,1,0,CCLE_Omics,1
MT-ND6--TAF15,1,0,CCLE_Omics,1
MT-ND6--TUBA1B,1,0,CCLE_Omics,1
MT-ND6--UBB,1,0,CCLE_Omics,1
MT-RNR1--NABP2,1,0,CCLE_Omics,1
MT-RNR2--MT1X,1,0,CCLE_Omics,1
MT-RNR2--MT2A,1,0,CCLE_Omics,1
MT-RNR2--NECTIN2,1,0,CCLE_Omics,1
MT-RNR2--NEDD8-MDP1,1,0,CCLE_Omics,1
MT-RNR2--NFIC,1,0,CCLE_Omics,1
MT-RNR2--NONO,1,0,CCLE_Omics,1
MT-RNR2--PABPC1,1,0,CCLE_Omics,1
MT-RNR2--PDSS2,1,0,CCLE_Omics,1
MT-RNR2--PHLDA1,1,0,CCLE_Omics,1
MT-RNR2--POLR1B,1,0,CCLE_Omics,1
MT-RNR2--PRSS8,1,0,CCLE_Omics,1
MT-RNR2--PSMC2,1,0,CCLE_Omics,1
MT-RNR2--RPL13A,1,0,CCLE_Omics,1
MT-RNR2--RPL13AP20,1,0,CCLE_Omics,1
MT-RNR2--RPL29,1,0,CCLE_Omics,1
MT-RNR2--RPL8,1,0,CCLE_Omics,1
MT-RNR2--RPS6,1,0,CCLE_Omics,1
MT-RNR2--SF3B4,1,0,CCLE_Omics,1
MT-RNR2--SLC31A1,1,0,CCLE_Omics,1
MT-RNR2--SLC7A5,1,0,CCLE_Omics,1
MT-RNR2--SPEN,1,0,CCLE_Omics,1
MT-RNR2--SPRY4,1,0,CCLE_Omics,1
MT-RNR2--TFE3,1,0,CCLE_Omics,1
MT-RNR2--TGFBI,1,0,CCLE_Omics,1
MT-RNR2--TOMM34,1,0,CCLE_Omics,1
MT-RNR2--TUSC3,1,0,CCLE_Omics,1
MT-RNR2--VIM-AS1,1,0,CCLE_Omics,1
MT-RNR2--VPS28,1,0,CCLE_Omics,1
MT-RNR2--YLPM1,1,0,CCLE_Omics,1
MT-RNR2--ZFP36L1,1,0,CCLE_Omics,1
MT2A--MYH9,1,0,CCLE_Omics,1
MTA3--THADA,1,0,CCLE_Omics,1
MTBP--SAMD12,0,1,Breast,1
MTF2--RPL5,1,0,CCLE_Omics,1
MTFMT--RASL12,1,0,CCLE_Omics,1
MTHFD2--RPS17,1,0,CCLE_Omics,1
MTSS1--PVT1,1,0,CCLE_Omics,1
MTUS2--SLC7A1,1,0,CCLE_Omics,1
MUC13--NCEH1,1,0,CCLE_Omics,1
MVP--RPS2,1,0,CCLE_Omics,1
MYC--NME1-NME2,1,0,CCLE_Omics,1
MYH9--RPL39,1,0,CCLE_Omics,1
MYH9--RPL7A,1,0,CCLE_Omics,1
MYH9--TXN2,1,0,CCLE_Omics,1
MYL12B--RPL7A,1,0,CCLE_Omics,1
MYL12B--RPS3,1,0,CCLE_Omics,1
MYL12B--TGIF1,1,0,CCLE_Omics,1
MYL6--NAP1L1,1,0,CCLE_Omics,1
MYL6--RPS27A,1,0,CCLE_Omics,1
MYL6--SND1,1,0,CCLE_Omics,1
MYL6--SRP9,1,0,CCLE_Omics,1
MYL6--TPM4,1,0,CCLE_Omics,1
MYL6--UBB,1,0,CCLE_Omics,1
MYO18A--PHF12,1,0,CCLE_Omics,1
MYO1E--OCIAD2,1,0,CCLE_Omics,1
MYO9B--NEAT1,1,0,CCLE_Omics,1
NACA--OS9,1,0,CCLE_Omics,1
NACA--PRIM1,0,1,Breast,1
NACA--RPS6,1,0,CCLE_Omics,1
NACA--TPT1,1,0,CCLE_Omics,1
NAGK--NEAT1,1,0,CCLE_Omics,1
NAP1L1--OSBPL8,1,0,CCLE_Omics,1
NAP1L1--PFN1,1,0,CCLE_Omics,1
NAP1L1--PSAP,1,0,CCLE_Omics,1
NAP1L1--RPL17-C18orf32,1,0,CCLE_Omics,1
NAP1L1--RPL22,1,0,CCLE_Omics,1
NAP1L1--RPL27,1,0,CCLE_Omics,1
NAP1L1--RPL6,1,0,CCLE_Omics,1
NAP1L1--RPL6P27,1,0,CCLE_Omics,1
NAP1L1--RPS18,1,0,CCLE_Omics,1
NAP1L1--RPS3,1,0,CCLE_Omics,1
NAP1L1--RPS8,1,0,CCLE_Omics,1
NAT14--UCHL1,1,0,CCLE_Omics,1
NBAS--RPS29,1,0,CCLE_Omics,1
NBEAL1--PARN,1,0,CCLE_Omics,1
NBEAL1--RPS23,1,0,CCLE_Omics,1
NBPF6--SLC25A24,0,1,Breast,1
NBR1--RPL27,1,0,CCLE_Omics,1
NCBP2--RPS27A,1,0,CCLE_Omics,1
NCEH1--TNFSF10,1,0,CCLE_Omics,1
NCK1--STAG1,1,0,CCLE_Omics,1
NCL--PTMA,1,0,CCLE_Omics,1
NCL--PTMAP5,1,0,CCLE_Omics,1
NCL--PTMS,1,0,CCLE_Omics,1
NCL--RPL19,1,0,CCLE_Omics,1
NCL--RPL7A,1,0,CCLE_Omics,1
NCL--RPS24,1,0,CCLE_Omics,1
NCL--YWHAE,1,0,CCLE_Omics,1
NCOA2--TRAM1,1,0,CCLE_Omics,1
NCOA3--RPL14,1,0,CCLE_Omics,1
NCOA3--SULF2,0,1,Breast,1
NCOA3--ZNFX1,1,0,CCLE_Omics,1
NCOR2--SCARB1,1,0,CCLE_Omics,1
NDUFA12--RPS27A,1,0,CCLE_Omics,1
NDUFA5--WASL,1,0,CCLE_Omics,1
NDUFAF1--NUSAP1,1,0,CCLE_Omics,1
NDUFB6--TOPORS,1,0,CCLE_Omics,1
NDUFB9--PSME1,1,0,CCLE_Omics,1
NDUFV3--U2AF1,1,0,CCLE_Omics,1
NEK6--PSMB7,1,0,CCLE_Omics,1
NEMF--SOS2,1,0,CCLE_Omics,1
NFAT5--SNTB2,1,0,CCLE_Omics,1
NFATC2--PTPN1,1,0,CCLE_Omics,1
NFE2L1--YWHAE,1,0,CCLE_Omics,1
NFS1--RBM39,1,0,CCLE_Omics,1
NFYB--TXNRD1,1,0,CCLE_Omics,1
NIPBL--NUP155,1,0,CCLE_Omics,1
NIPBL--PRKAA1,1,0,CCLE_Omics,1
NIPBL--SLC1A3,1,0,CCLE_Omics,1
NIPSNAP2--SUMF2,1,0,CCLE_Omics,1
NLK--USP32,1,0,CCLE_Omics,1
NLN--PPWD1,1,0,CCLE_Omics,1
NME1--SPAG9,1,0,CCLE_Omics,1
NME1-NME2--PPIA,1,0,CCLE_Omics,1
NME1-NME2--RPL26,1,0,CCLE_Omics,1
NME1-NME2--RPLP0,1,0,CCLE_Omics,1
NME1-NME2--SPAG9,1,0,CCLE_Omics,1
NME2--RPL32,1,0,CCLE_Omics,1
NME4--RPL4,1,0,CCLE_Omics,1
NME7--POU2F1,1,0,CCLE_Omics,1
NOL10--PDIA6,1,0,CCLE_Omics,1
NOP56--RPS18,1,0,CCLE_Omics,1
NOP58--PABPC1,1,0,CCLE_Omics,1
NPEPPS--TBC1D3D,1,0,CCLE_Omics,1
NPIPB12--PDXDC1,1,0,CCLE_Omics,1
NPLOC4--PDE6G,1,0,CCLE_Omics,1
NPM1--PI4KA,1,0,CCLE_Omics,1
NPM1--PTMA,1,0,CCLE_Omics,1
NPM1--PTMAP5,1,0,CCLE_Omics,1
NPM1--RACK1,1,0,CCLE_Omics,1
NPM1--RNF187,1,0,CCLE_Omics,1
NPM1--RPL12,1,0,CCLE_Omics,1
NPM1--RPL5,1,0,CCLE_Omics,1
NPM1--RPS11,1,0,CCLE_Omics,1
NPM1--RPS16,1,0,CCLE_Omics,1
NPM1--TYK2,1,0,CCLE_Omics,1
NPM1--UBE2D3,1,0,CCLE_Omics,1
NPM1--VIM,1,0,CCLE_Omics,1
NPM1--ZFP62,1,0,CCLE_Omics,1
NQO1--RPS27A,1,0,CCLE_Omics,1
NQO1--UBB,1,0,CCLE_Omics,1
NRDC--TTC39A,1,0,CCLE_Omics,1
NRP1--PARD3,1,0,CCLE_Omics,1
NSD2--TACC3,1,0,CCLE_Omics,1
NSUN2--SRD5A1,1,0,CCLE_Omics,1
NSUN5--RPL35,1,0,CCLE_Omics,1
NSUN7--RBM47,1,0,CCLE_Omics,1
NT5C2--PCGF6,1,0,CCLE_Omics,1
NUCKS1--RAB29,1,0,CCLE_Omics,1
NUCKS1--RPL24,1,0,CCLE_Omics,1
NUCKS1--RPLP0,1,0,CCLE_Omics,1
NUCKS1--SRSF5,1,0,CCLE_Omics,1
NUDCD3--SON,1,0,CCLE_Omics,1
NUP107--SLC35E3,1,0,CCLE_Omics,1
NUP155--WDR70,1,0,CCLE_Omics,1
NUP58--RPS27A,1,0,CCLE_Omics,1
NUP98--STIM1,1,0,CCLE_Omics,1
NXN--RPL36,1,0,CCLE_Omics,1
NXN--YWHAE,1,0,CCLE_Omics,1
OAZ1--RPL8,1,0,CCLE_Omics,1
OAZ1--S100A16,1,0,CCLE_Omics,1
OAZ1--SF3A2,1,0,CCLE_Omics,1
OAZ1--VIM-AS1,1,0,CCLE_Omics,1
OCIAD1--RPL30,1,0,CCLE_Omics,1
ODC1--PDIA6,1,0,CCLE_Omics,1
OGA--RPLP1,1,0,CCLE_Omics,1
OGG1--RPS6,1,0,CCLE_Omics,1
OIP5-AS1--RPL13A,1,0,CCLE_Omics,1
OLA1--SP3,1,0,CCLE_Omics,1
OPN3--USP45,1,0,CCLE_Omics,1
OSBPL1A--TTC39C,1,0,CCLE_Omics,1
OTUD6B--SLC26A7,1,0,CCLE_Omics,1
OTUD7B--VPS45,1,0,CCLE_Omics,1
OTX2--RPL5,1,0,CCLE_Omics,1
P4HA1--RPL17P50,1,0,CCLE_Omics,1
P4HB--RPLP0,1,0,CCLE_Omics,1
PABPC1--RPL30,1,0,CCLE_Omics,1
PABPC1--RPL7,1,0,CCLE_Omics,1
PABPC1--RPS12,1,0,CCLE_Omics,1
PABPC1--RPS25,1,0,CCLE_Omics,1
PABPC1--RPS3,1,0,CCLE_Omics,1
PABPC1--YWHAZ,1,0,CCLE_Omics,1
PACSIN2--TTLL1,1,0,CCLE_Omics,1
PAICS--PPAT,1,0,CCLE_Omics,1
PAICS--SRP72,1,0,CCLE_Omics,1
PAK2--PIGX,1,0,CCLE_Omics,1
PARK7--RPL13A,1,0,CCLE_Omics,1
PATL2--SPG11,1,0,CCLE_Omics,1
PBRM1--WDR82,0,1,Breast,1
PC--RHOD,1,0,CCLE_Omics,1
PCBP2--RPLP0,1,0,CCLE_Omics,1
PCBP4--RPL29,1,0,CCLE_Omics,1
PCCA--TM9SF2,1,0,CCLE_Omics,1
PCCA--UBAC2,1,0,CCLE_Omics,1
PDAP1--SLC7A5,1,0,CCLE_Omics,1
PDCD10--SERPINI1,1,0,CCLE_Omics,1
PDIA3--SERF2,1,0,CCLE_Omics,1
PDIA3--TPT1,1,0,CCLE_Omics,1
PDIA3--WDR76,1,0,CCLE_Omics,1
PDIA4--PPIAP22,1,0,CCLE_Omics,1
PDIA4--PTMA,1,0,CCLE_Omics,1
PDSS2--QRSL1,1,0,CCLE_Omics,1
PEAK1--TSPAN3,1,0,CCLE_Omics,1
PELI1--VPS54,1,0,CCLE_Omics,1
PFDN5--RPL19,1,0,CCLE_Omics,1
PFN1--PFN1P11,1,0,CCLE_Omics,1
PFN1--PPP2R1B,1,0,CCLE_Omics,1
PFN1--RPL36,1,0,CCLE_Omics,1
PGC--RPS18,1,0,CCLE_Omics,1
PGGHG--RPL13,1,0,CCLE_Omics,1
PGK1--PKM,1,0,CCLE_Omics,1
PGK1--RPL10,1,0,CCLE_Omics,1
PHF14--TAF1D,1,0,CCLE_Omics,1
PHF14--VWDE,1,0,CCLE_Omics,1
PHF23--PUF60,1,0,CCLE_Omics,1
PHF3--PTP4A1,1,0,CCLE_Omics,1
PHGDH--PKM,1,0,CCLE_Omics,1
PHGDH--PPIA,1,0,CCLE_Omics,1
PHTF2--PTPN12,1,0,CCLE_Omics,1
PIGN--SOCS6,1,0,CCLE_Omics,1
PIGV--ZDHHC18,1,0,CCLE_Omics,1
PIP5K1A--PRUNE1,1,0,CCLE_Omics,1
PIP5K1A--PSMD4,1,0,CCLE_Omics,1
PITPNA--YWHAE,1,0,CCLE_Omics,1
PITX1--RPLP1,1,0,CCLE_Omics,1
PKM--PPIA,1,0,CCLE_Omics,1
PKM--PPIAP22,1,0,CCLE_Omics,1
PKM--RPL10,1,0,CCLE_Omics,1
PKM--RPL13,1,0,CCLE_Omics,1
PKM--RPL23A,1,0,CCLE_Omics,1
PKM--RPL27A,1,0,CCLE_Omics,1
PKM--RPL5,1,0,CCLE_Omics,1
PKM--RPLP1,1,0,CCLE_Omics,1
PKM--SERPINE1,1,0,CCLE_Omics,1
PKM--SLC38A2,1,0,CCLE_Omics,1
PKM--TAGLN2,1,0,CCLE_Omics,1
PKM--TSPAN14,1,0,CCLE_Omics,1
PKM--VIM,1,0,CCLE_Omics,1
PKM--ZFAND3,1,0,CCLE_Omics,1
PKN3--SET,1,0,CCLE_Omics,1
PLCB1--TASP1,1,0,CCLE_Omics,1
PLEC--RPS2,1,0,CCLE_Omics,1
PLEC--TPT1,1,0,CCLE_Omics,1
PLEKHA1--TACC2,1,0,CCLE_Omics,1
PLOD2--PLSCR4,1,0,CCLE_Omics,1
PLPBP--SET,1,0,CCLE_Omics,1
PLPP1--SLC38A9,1,0,CCLE_Omics,1
PLS3--PPIA,1,0,CCLE_Omics,1
PMEL--RPS27A,1,0,CCLE_Omics,1
PMS2P2--UPK3B,1,0,CCLE_Omics,1
POLD4--RBM8A,1,0,CCLE_Omics,1
POLR1D--USP12,1,0,CCLE_Omics,1
POLR2D--USP48,1,0,CCLE_Omics,1
POLR2E--RPL14,1,0,CCLE_Omics,1
POLR2K--SPAG1,1,0,CCLE_Omics,1
POLR3H--SNU13,1,0,CCLE_Omics,1
PPA1--SAR1A,1,0,CCLE_Omics,1
PPA2--TET2,1,0,CCLE_Omics,1
PPAN-P2RY11--TK1,1,0,CCLE_Omics,1
PPDPF--S100A6,1,0,CCLE_Omics,1
PPIA--RPL12,1,0,CCLE_Omics,1
PPIA--RPS18,1,0,CCLE_Omics,1
PPIA--RPS27A,1,0,CCLE_Omics,1
PPIA--RPS5,1,0,CCLE_Omics,1
PPIA--SEC31A,1,0,CCLE_Omics,1
PPIA--SERPINE1,1,0,CCLE_Omics,1
PPIA--SRP9,1,0,CCLE_Omics,1
PPIA--TPT1,1,0,CCLE_Omics,1
PPIA--VIM,1,0,CCLE_Omics,1
PPIA--ZFAS1,1,0,CCLE_Omics,1
PPM1D--USP32,1,0,CCLE_Omics,1
PPM1G--PTMA,1,0,CCLE_Omics,1
PPP2CB--WRN,1,0,CCLE_Omics,1
PPP3CC--SLC39A14,1,0,CCLE_Omics,1
PPP4R1--RAB31,1,0,CCLE_Omics,1
PPP4R1--RALBP1,1,0,CCLE_Omics,1
PPP4R1--VAPA,1,0,CCLE_Omics,1
PPP6R2--SELENOO,1,0,CCLE_Omics,1
PRCD--SNHG16,1,0,CCLE_Omics,1
PRDX1--PSAP,1,0,CCLE_Omics,1
PRDX1--RPL31,1,0,CCLE_Omics,1
PRDX1--SFPQ,1,0,CCLE_Omics,1
PRDX3--UBB,1,0,CCLE_Omics,1
PRDX5--RPS19,1,0,CCLE_Omics,1
PRDX5--TRMT112,1,0,CCLE_Omics,1
PRKAR1A--SRP9,1,0,CCLE_Omics,1
PRKAR1A--VIM,1,0,CCLE_Omics,1
PRKAR2A--SLC25A20,1,0,CCLE_Omics,1
PRKCI--SKIL,1,0,CCLE_Omics,1
PRSS23--TMEM135,1,0,CCLE_Omics,1
PSAP--RPL13A,1,0,CCLE_Omics,1
PSAP--SGPL1,1,0,CCLE_Omics,1
PSAP--TMBIM6,1,0,CCLE_Omics,1
PSEN1--RBM25,1,0,CCLE_Omics,1
PSKH1--RANBP10,0,1,Breast,1
PSMA5--SORT1,1,0,CCLE_Omics,1
PSMB7--SCAI,1,0,CCLE_Omics,1
PSMD1--SPATA3,1,0,CCLE_Omics,1
PSMD14--SLC4A10,1,0,CCLE_Omics,1
PSMD8--RPL37A,1,0,CCLE_Omics,1
PSMG2--PTPN2,1,0,CCLE_Omics,1
PSMG3--SNHG29,1,0,CCLE_Omics,1
PSPC1--ZMYM5,1,0,CCLE_Omics,1
PTCD3--SNHG29,1,0,CCLE_Omics,1
PTGES3--TXNRD1,1,0,CCLE_Omics,1
PTMA--PTMS,1,0,CCLE_Omics,1
PTMA--RPL29,1,0,CCLE_Omics,1
PTMA--RPL3,1,0,CCLE_Omics,1
PTMA--SET,1,0,CCLE_Omics,1
PTMA--SNHG7,1,0,CCLE_Omics,1
PTMA--TUBA1A,1,0,CCLE_Omics,1
PTMA--TUBA1B,1,0,CCLE_Omics,1
PTMA--YWHAZ,1,0,CCLE_Omics,1
PTMA--ZBTB7A,1,0,CCLE_Omics,1
PTMAP5--RAD21,1,0,CCLE_Omics,1
PTPN12--RSBN1L,1,0,CCLE_Omics,1
PTPN9--SNUPN,1,0,CCLE_Omics,1
PTPRG--TEX14,0,1,Breast,1
PUS7--SRPK2,1,0,CCLE_Omics,1
PVT1--WASHC5,1,0,CCLE_Omics,1
QRSL1--RTN4IP1,1,0,CCLE_Omics,1
R3HDM1--UBXN4,1,0,CCLE_Omics,1
RAB31--VAPA,1,0,CCLE_Omics,1
RAB40B--WDR45B,1,0,CCLE_Omics,1
RABGGTB--SOD1,1,0,CCLE_Omics,1
RACK1--RPL10,1,0,CCLE_Omics,1
RACK1--RPL12,1,0,CCLE_Omics,1
RACK1--RPL22,1,0,CCLE_Omics,1
RACK1--RPL3,1,0,CCLE_Omics,1
RACK1--RPL39,1,0,CCLE_Omics,1
RACK1--RPL7A,1,0,CCLE_Omics,1
RACK1--RPS12,1,0,CCLE_Omics,1
RACK1--RPS3A,1,0,CCLE_Omics,1
RACK1--TOMM7,1,0,CCLE_Omics,1
RACK1--TPT1,1,0,CCLE_Omics,1
RAD21--TRPS1,1,0,CCLE_Omics,1
RAD51B--SEMA6D,0,1,Breast,1
RAD9A--RPL8,1,0,CCLE_Omics,1
RAI1--RPL3,1,0,CCLE_Omics,1
RAI1--TOM1L2,1,0,CCLE_Omics,1
RALBP1--VAPA,1,0,CCLE_Omics,1
RALGPS2--TEX35,1,0,CCLE_Omics,1
RANGAP1--RPS6,1,0,CCLE_Omics,1
RANGAP1--ZC3H7B,1,0,CCLE_Omics,1
RASA2--ZBTB38,1,0,CCLE_Omics,1
RASSF3--TBK1,1,0,CCLE_Omics,1
RBL1--SAMHD1,1,0,CCLE_Omics,1
RBM39--SLC35E4,1,0,CCLE_Omics,1
RBM6--RHOA,1,0,CCLE_Omics,1
RBMS3--ZCWPW2,1,0,CCLE_Omics,1
RBPMS--ZNF609,1,0,CCLE_Omics,1
RCC1--RPL19,1,0,CCLE_Omics,1
RCC1--RPS12,1,0,CCLE_Omics,1
RCC1--RPS8,1,0,CCLE_Omics,1
RCC1--SEPTIN2,1,0,CCLE_Omics,1
RCC1--SERINC2,1,0,CCLE_Omics,1
RCC1--TBCA,1,0,CCLE_Omics,1
RCC2--SERP1,1,0,CCLE_Omics,1
RERE--RPL22,1,0,CCLE_Omics,1
RGS20--RPL8,1,0,CCLE_Omics,1
RHOA--RHOC,1,0,CCLE_Omics,1
RHOA--SNHG3,1,0,CCLE_Omics,1
RLF--TRIT1,1,0,CCLE_Omics,1
RLF--ZMPSTE24,1,0,CCLE_Omics,1
RNF10--UQCC1,1,0,CCLE_Omics,1
RNF213--RPTOR,1,0,CCLE_Omics,1
RNF213--SLC26A11,1,0,CCLE_Omics,1
RPL10--RRM1,1,0,CCLE_Omics,1
RPL10--VIM,1,0,CCLE_Omics,1
RPL10A--RPS24,1,0,CCLE_Omics,1
RPL10A--RPS3A,1,0,CCLE_Omics,1
RPL10A--TRIB3,1,0,CCLE_Omics,1
RPL10P16--VIM,1,0,CCLE_Omics,1
RPL10P9--SERF2,1,0,CCLE_Omics,1
RPL11--RPS18,1,0,CCLE_Omics,1
RPL11--TP53BP1,1,0,CCLE_Omics,1
RPL12--RPS27A,1,0,CCLE_Omics,1
RPL12--RPS6,1,0,CCLE_Omics,1
RPL12--RPS8,1,0,CCLE_Omics,1
RPL12--SET,1,0,CCLE_Omics,1
RPL12--UQCRH,1,0,CCLE_Omics,1
RPL13--RPS5,1,0,CCLE_Omics,1
RPL13--SPG7,1,0,CCLE_Omics,1
RPL13--ZFAS1,1,0,CCLE_Omics,1
RPL13A--RPS11,1,0,CCLE_Omics,1
RPL13A--RPS14,1,0,CCLE_Omics,1
RPL13A--RPS2,1,0,CCLE_Omics,1
RPL13A--TXNRD1,1,0,CCLE_Omics,1
RPL13AP5--RPS3A,1,0,CCLE_Omics,1
RPL14--RPSA,1,0,CCLE_Omics,1
RPL14--SRP14,1,0,CCLE_Omics,1
RPL14--TPT1,1,0,CCLE_Omics,1
RPL14P1--ZNF619,1,0,CCLE_Omics,1
RPL17--RPS3,1,0,CCLE_Omics,1
RPL17--RPS6,1,0,CCLE_Omics,1
RPL17--SNHG29,1,0,CCLE_Omics,1
RPL17-C18orf32--RPS3,1,0,CCLE_Omics,1
RPL17-C18orf32--RPS6,1,0,CCLE_Omics,1
RPL17-C18orf32--SERPINF1,1,0,CCLE_Omics,1
RPL18--RPS18,1,0,CCLE_Omics,1
RPL18--RPS7,1,0,CCLE_Omics,1
RPL18A--RPS17,1,0,CCLE_Omics,1
RPL19--RPS20,1,0,CCLE_Omics,1
RPL19--UBE2S,1,0,CCLE_Omics,1
RPL21--TPT1,1,0,CCLE_Omics,1
RPL21P16--USP12,1,0,CCLE_Omics,1
RPL22--RPS27A,1,0,CCLE_Omics,1
RPL22--RPS3,1,0,CCLE_Omics,1
RPL22--SMC1A,1,0,CCLE_Omics,1
RPL22--SRP9,1,0,CCLE_Omics,1
RPL23--RPS18,1,0,CCLE_Omics,1
RPL23--VIM-AS1,1,0,CCLE_Omics,1
RPL23A--RPS12,1,0,CCLE_Omics,1
RPL23A--RPS3,1,0,CCLE_Omics,1
RPL23A--SNHG29,1,0,CCLE_Omics,1
RPL23A--ZFAS1,1,0,CCLE_Omics,1
RPL24--RPS3,1,0,CCLE_Omics,1
RPL24--SENP7,1,0,CCLE_Omics,1
RPL24--TPT1,1,0,CCLE_Omics,1
RPL26--RPS27,1,0,CCLE_Omics,1
RPL27--RUNDC1,1,0,CCLE_Omics,1
RPL3--RPS12,1,0,CCLE_Omics,1
RPL3--RPS19,1,0,CCLE_Omics,1
RPL3--RPS3,1,0,CCLE_Omics,1
RPL3--RPS6,1,0,CCLE_Omics,1
RPL3--RPS9,1,0,CCLE_Omics,1
RPL3--SNHG29,1,0,CCLE_Omics,1
RPL30--RPS3,1,0,CCLE_Omics,1
RPL30--RPS3A,1,0,CCLE_Omics,1
RPL30--SND1,1,0,CCLE_Omics,1
RPL30--TPT1,1,0,CCLE_Omics,1
RPL31--RPS27A,1,0,CCLE_Omics,1
RPL31--RPS6KC1,1,0,CCLE_Omics,1
RPL31--STRAP,1,0,CCLE_Omics,1
RPL35--VIM-AS1,1,0,CCLE_Omics,1
RPL36--RPL36P16,1,0,CCLE_Omics,1
RPL36--SFPQ,1,0,CCLE_Omics,1
RPL37--RPS27A,1,0,CCLE_Omics,1
RPL37--S100A2,1,0,CCLE_Omics,1
RPL37--SNRPD2,1,0,CCLE_Omics,1
RPL37A--RPS12,1,0,CCLE_Omics,1
RPL37A--RPS17,1,0,CCLE_Omics,1
RPL37A--RPS18,1,0,CCLE_Omics,1
RPL37A--XRCC5,1,0,CCLE_Omics,1
RPL38--RPL6P27,1,0,CCLE_Omics,1
RPL39--RPS12,1,0,CCLE_Omics,1
RPL39--RPS18,1,0,CCLE_Omics,1
RPL39--UBB,1,0,CCLE_Omics,1
RPL4--RPS13,1,0,CCLE_Omics,1
RPL4--RPS14,1,0,CCLE_Omics,1
RPL4--RPS15A,1,0,CCLE_Omics,1
RPL4--RPS17,1,0,CCLE_Omics,1
RPL4--RPS25,1,0,CCLE_Omics,1
RPL4--RPS27A,1,0,CCLE_Omics,1
RPL4--RPS3,1,0,CCLE_Omics,1
RPL4--RPS4X,1,0,CCLE_Omics,1
RPL4--RPS8,1,0,CCLE_Omics,1
RPL4--RPSA,1,0,CCLE_Omics,1
RPL4--SIRT7,1,0,CCLE_Omics,1
RPL41--RPS3,1,0,CCLE_Omics,1
RPL41--RPS6,1,0,CCLE_Omics,1
RPL5--RPS24,1,0,CCLE_Omics,1
RPL5--RPS3A,1,0,CCLE_Omics,1
RPL5--TPT1,1,0,CCLE_Omics,1
RPL5--TTC17,1,0,CCLE_Omics,1
RPL5--TUBA1B,1,0,CCLE_Omics,1
RPL5--UBE2K,1,0,CCLE_Omics,1
RPL5--ZFAS1,1,0,CCLE_Omics,1
RPL6--RPS18,1,0,CCLE_Omics,1
RPL6P27--TUBB,1,0,CCLE_Omics,1
RPL7--RPS17,1,0,CCLE_Omics,1
RPL7--RPS18,1,0,CCLE_Omics,1
RPL7A--RPS12,1,0,CCLE_Omics,1
RPL7A--RPS3A,1,0,CCLE_Omics,1
RPL7A--RPSA,1,0,CCLE_Omics,1
RPL7A--TUBA1B,1,0,CCLE_Omics,1
RPL8--RPS11,1,0,CCLE_Omics,1
RPL8--RPS2,1,0,CCLE_Omics,1
RPL8--TMBIM6,1,0,CCLE_Omics,1
RPL9--TPT1,1,0,CCLE_Omics,1
RPLP0--RPS11,1,0,CCLE_Omics,1
RPLP0--RPS15A,1,0,CCLE_Omics,1
RPLP0--RPS19,1,0,CCLE_Omics,1
RPLP0--RPS23,1,0,CCLE_Omics,1
RPLP0--RPS3,1,0,CCLE_Omics,1
RPLP0--RPS7,1,0,CCLE_Omics,1
RPLP0--SIL1,1,0,CCLE_Omics,1
RPLP0--SLC25A6,1,0,CCLE_Omics,1
RPLP0--STX16,1,0,CCLE_Omics,1
RPLP0--TUBA1B,1,0,CCLE_Omics,1
RPLP0--ZFAS1,1,0,CCLE_Omics,1
RPLP0P6--VCAN,1,0,CCLE_Omics,1
RPLP1--RPS27,1,0,CCLE_Omics,1
RPLP1--RPS3,1,0,CCLE_Omics,1
RPLP1--ZFAS1,1,0,CCLE_Omics,1
RPLP2--TALDO1,1,0,CCLE_Omics,1
RPN2--TTI1,1,0,CCLE_Omics,1
RPS10-NUDT3--RPS18,1,0,CCLE_Omics,1
RPS12--TXNRD1,1,0,CCLE_Omics,1
RPS13--SERPINA1,1,0,CCLE_Omics,1
RPS14--VIRMA,1,0,CCLE_Omics,1
RPS16--SIRT2,1,0,CCLE_Omics,1
RPS18--TMSB4X,1,0,CCLE_Omics,1
RPS18--TPM2,1,0,CCLE_Omics,1
RPS18--TPT1,1,0,CCLE_Omics,1
RPS18--UBAC2,1,0,CCLE_Omics,1
RPS18--VIM,1,0,CCLE_Omics,1
RPS18--VPS52,1,0,CCLE_Omics,1
RPS19--SNHG12,1,0,CCLE_Omics,1
RPS20--SPINT2,1,0,CCLE_Omics,1
RPS20--TOR1AIP2,1,0,CCLE_Omics,1
RPS20--VIM,1,0,CCLE_Omics,1
RPS25--TUBA1A,1,0,CCLE_Omics,1
RPS25--VIM,1,0,CCLE_Omics,1
RPS27A--RTN4,1,0,CCLE_Omics,1
RPS27A--SMG7,1,0,CCLE_Omics,1
RPS27A--SNHG29,1,0,CCLE_Omics,1
RPS27A--TPI1,1,0,CCLE_Omics,1
RPS27A--TPM4,1,0,CCLE_Omics,1
RPS27A--TPT1,1,0,CCLE_Omics,1
RPS27A--UBC,1,0,CCLE_Omics,1
RPS27A--YWHAZ,1,0,CCLE_Omics,1
RPS27A--ZFAS1,1,0,CCLE_Omics,1
RPS2P5--TMSB10,1,0,CCLE_Omics,1
RPS3--SRP9,1,0,CCLE_Omics,1
RPS3--TIMMDC1,1,0,CCLE_Omics,1
RPS3--UBB,1,0,CCLE_Omics,1
RPS3--VIM-AS1,1,0,CCLE_Omics,1
RPS5--VIM,1,0,CCLE_Omics,1
RPS6--TMEM198B,1,0,CCLE_Omics,1
RPS6--TPT1,1,0,CCLE_Omics,1
RPS8--VIM,1,0,CCLE_Omics,1
RRAGA--SAXO1,1,0,CCLE_Omics,1
RRBP1--SNX5,1,0,CCLE_Omics,1
RRP7A--SEMA3E,1,0,CCLE_Omics,1
RSRC1--VEPH1,1,0,CCLE_Omics,1
RTL10--TXNRD2,1,0,CCLE_Omics,1
RTL9--TMEM164,1,0,CCLE_Omics,1
RUNX1--RUNX1T1,1,0,CCLE_Omics,1
S100A4--TMSB4X,1,0,CCLE_Omics,1
S100A6--TUBB,1,0,CCLE_Omics,1
S100A6--VIM,1,0,CCLE_Omics,1
SAP130--WDR33,1,0,CCLE_Omics,1
SASH1--UST,1,0,CCLE_Omics,1
SBNO2--STK11,1,0,CCLE_Omics,1
SCAF11--SLC38A1,1,0,CCLE_Omics,1
SCAPER--TSPAN3,1,0,CCLE_Omics,1
SCFD1--STRN3,1,0,CCLE_Omics,1
SCNN1A--TNFRSF1A,1,0,CCLE_Omics,1
SEC14L1--SEPTIN9,1,0,CCLE_Omics,1
SELENOO--TUBGCP6,1,0,CCLE_Omics,1
SEM1--SLC25A13,1,0,CCLE_Omics,1
SERBP1--WLS,1,0,CCLE_Omics,1
SERPINE1--VIM,1,0,CCLE_Omics,1
SERPINE1--VIM-AS1,1,0,CCLE_Omics,1
SET--ST7L,1,0,CCLE_Omics,1
SF3A1--UBE2V1,1,0,CCLE_Omics,1
SF3B3--SLC38A2,1,0,CCLE_Omics,1
SFRP1--UTP23,1,0,CCLE_Omics,1
SFXN2--WBP1L,1,0,CCLE_Omics,1
SGPP2--ULK4,0,1,Breast,1
SH3BGRL3--SRRM2,1,0,CCLE_Omics,1
SHCBP1--VPS35,1,0,CCLE_Omics,1
SKA3--ZDHHC20,1,0,CCLE_Omics,1
SKP1--TBL1XR1,1,0,CCLE_Omics,1
SKP1--VDAC1,1,0,CCLE_Omics,1
SLC25A29--YY1,1,0,CCLE_Omics,1
SLC25A42--UPF1,1,0,CCLE_Omics,1
SLC39A14--TUBB,1,0,CCLE_Omics,1
SLC3A2--TAF6L,1,0,CCLE_Omics,1
SLC7A5--TRPC4AP,1,0,CCLE_Omics,1
SMYD3--TFB2M,1,0,CCLE_Omics,1
SNHG3--UBE2D2,1,0,CCLE_Omics,1
SNU13--XRCC6,1,0,CCLE_Omics,1
SNUPN--WDR43,1,0,CCLE_Omics,1
SOD1--SOD1P2,1,0,CCLE_Omics,1
SPOP--TUBA1A,1,0,CCLE_Omics,1
SQSTM1--TLN1,1,0,CCLE_Omics,1
SREBF2--XRCC6,1,0,CCLE_Omics,1
SRRM2--TPT1,1,0,CCLE_Omics,1
SRRM2--UBC,1,0,CCLE_Omics,1
SRSF3--YBX1,1,0,CCLE_Omics,1
SS18--TAF4B,1,0,CCLE_Omics,1
SS18--TUBB,1,0,CCLE_Omics,1
SS18L1--TAF4,1,0,CCLE_Omics,1
ST13--XPNPEP3,1,0,CCLE_Omics,1
STARD8--YIPF6,1,0,CCLE_Omics,1
STAU1--TOX2,0,1,Breast,1
STC2--TUBB,1,0,CCLE_Omics,1
STIM2--TBC1D19,1,0,CCLE_Omics,1
STK3--VPS13B,1,0,CCLE_Omics,1
SVIL2P--ZEB1,1,0,CCLE_Omics,1
SWT1--TRMT1L,1,0,CCLE_Omics,1
TAGLN2--VIM,1,0,CCLE_Omics,1
TANC2--TLK2,1,0,CCLE_Omics,1
TATDN1--WASHC5,1,0,CCLE_Omics,1
TBCA--WDR41,1,0,CCLE_Omics,1
TCF7L2--VTI1A,1,0,CCLE_Omics,1
TCOF1--YWHAE,1,0,CCLE_Omics,1
TEKT4P2--ZNF717,1,0,CCLE_Omics,1
TFEB--TRERF1,1,0,CCLE_Omics,1
TLN2--TPM1,1,0,CCLE_Omics,1
TMBIM6--TUBA1B,1,0,CCLE_Omics,1
TMBIM6--TUBA1C,1,0,CCLE_Omics,1
TMEM126A--TMEM126B,1,0,CCLE_Omics,1
TMEM87A--VPS39,1,0,CCLE_Omics,1
TMSB4X--VIM,1,0,CCLE_Omics,1
TPM1--VIM,1,0,CCLE_Omics,1
TPM2--UBB,1,0,CCLE_Omics,1
TPM2--VIM,1,0,CCLE_Omics,1
TPT1--TPT1P13,1,0,CCLE_Omics,1
TRG-AS1--TRGV8,1,0,CCLE_Omics,1
TRIM25--USP22,1,0,CCLE_Omics,1
TRIM37--VMP1,1,0,CCLE_Omics,1
TROAP--TUBA1C,1,0,CCLE_Omics,1
TTC27--YIPF4,1,0,CCLE_Omics,1
TTC3--VPS26C,1,0,CCLE_Omics,1
TUBA1C--VIM,1,0,CCLE_Omics,1
TUBB4B--VIM,1,0,CCLE_Omics,1
UBA52--UBB,1,0,CCLE_Omics,1
UBB--YWHAE,1,0,CCLE_Omics,1
UBE2K--UGDH-AS1,1,0,CCLE_Omics,1
UPF2--USP6NL,1,0,CCLE_Omics,1
USP32--ZMYND8,0,1,Breast,1
VAT1L--WWOX,1,0,CCLE_Omics,1
VCAN--XRCC4,1,0,CCLE_Omics,1
XRCC3--ZFYVE21,1,0,CCLE_Omics,1
YWHAQ--YWHAZ,1,0,CCLE_Omics,1
YWHAZ--ZFP36L1,1,0,CCLE_Omics,1
YWHAZ--ZNF706,1,0,CCLE_Omics,1
ZFAS1--ZFP64,1,0,CCLE_Omics,1
